"prefix","MSE","MAE","PCC","nDataSize"
"1","grnn_pred",0.0221935099545398,0.083810056122449,0.859641014118091,40
"2","grnn_pred",0.0116841752834248,0.0666598505102041,0.911853806080847,40
"3","grnn_pred",0.00572969759542513,0.054013018622449,0.956244650803553,40
"4","grnn_pred",0.00474287015023089,0.0512624298469388,0.963023533574473,40
"5","grnn_pred",0.00636580602015628,0.055136831122449,0.951463113850939,40
"6","grnn_pred",0.0165363837183958,0.0749194043367347,0.884375307772384,40
"7","grnn_pred",0.00983001462153324,0.0640443640306122,0.929844342844895,40
"8","grnn_pred",0.00562790057279676,0.050930756377551,0.960471193838354,40
"9","grnn_pred",0.00526024208529982,0.0517815242346939,0.960016860197748,40
"10","grnn_pred",0.00616998671581561,0.053818418877551,0.953286637080478,40
"11","grnn_pred",0.013183584376366,0.0755529288265306,0.907144414667239,40
"12","grnn_pred",0.0058967833592599,0.0546091270408163,0.956947152240486,40
"13","grnn_pred",0.00550144895467967,0.0556521538265306,0.95669332719245,40
"14","grnn_pred",0.00558316947066742,0.0537165864795918,0.959850777326494,40
"15","grnn_pred",0.00917087472370444,0.0624363969387755,0.932101296185344,40
"16","grnn_pred",0.00964140126427464,0.0671898010204082,0.922778582977981,40
"17","grnn_pred",0.0097595757099425,0.0637717984693878,0.92518545929925,40
"18","grnn_pred",0.00605209380236041,0.0569837887755102,0.949586286397613,40
"19","grnn_pred",0.00591805536634847,0.0572282775510204,0.953008895685378,40
"20","grnn_pred",0.00668109330898829,0.0580294104591837,0.942737585021154,40
"21","grnn_pred",0.0137953884178069,0.0749550765306122,0.895263384623283,40
"22","grnn_pred",0.00748785490656712,0.0588614405612245,0.932651462747083,40
"23","grnn_pred",0.00742342537824105,0.0595398380102041,0.942454243712258,40
"24","grnn_pred",0.00627866171084702,0.0582026334183673,0.939705214376944,40
"25","grnn_pred",0.00710695056408393,0.0600118005102041,0.940692204747226,40
"26","grnn_pred",0.0191475558155648,0.0772186380102041,0.875302665334911,40
"27","grnn_pred",0.0067718400370462,0.0615673946428571,0.949675075686422,40
"28","grnn_pred",0.00533712904528523,0.0542371201530612,0.959326246560305,40
"29","grnn_pred",0.00595523027850403,0.0534138091836735,0.953668172494777,40
"30","grnn_pred",0.00438511144367064,0.0487660298469388,0.967501049109249,40
"31","grnn_pred",0.00752425780498663,0.0562712096938775,0.940356568894975,40
"32","grnn_pred",0.00806465015062008,0.0592001426020408,0.920599252259463,40
"33","grnn_pred",0.00508493413575306,0.0542119933673469,0.9514616453335,40
"34","grnn_pred",0.00560949732393199,0.0534195755102041,0.948286515279285,40
"35","grnn_pred",0.00645933393981413,0.053311093877551,0.941350891047075,40
"36","grnn_pred",0.0103012635722889,0.0693363852040816,0.923895148867721,40
"37","grnn_pred",0.00832555328696972,0.0634751676020408,0.932436568559598,40
"38","grnn_pred",0.00799246192633594,0.0614509507653061,0.938393876086484,40
"39","grnn_pred",0.00576101964550633,0.0561249642857143,0.952160147576564,40
"40","grnn_pred",0.00619503689673898,0.0578140494897959,0.953009990464737,40
"41","grnn_pred",0.0234694077532711,0.0821165056122449,0.8502713934405,40
"42","grnn_pred",0.00862726208355082,0.0583635234693878,0.931362019899078,40
"43","grnn_pred",0.00711240787835964,0.0613964413265306,0.947110091901732,40
"44","grnn_pred",0.00652707591282982,0.0574714181122449,0.949111429181692,40
"45","grnn_pred",0.00640424232053753,0.0565248625,0.950114906777862,40
"46","grnn_pred",0.0169448183232777,0.0841686558673469,0.883203318698072,40
"47","grnn_pred",0.00945592443024204,0.0635894076530612,0.93749985865638,40
"48","grnn_pred",0.00700409111998214,0.057819143877551,0.949922650102253,40
"49","grnn_pred",0.00602225221107832,0.056837256122449,0.964597354657328,40
"50","grnn_pred",0.00882161896388436,0.0664803599489796,0.936889218915938,40
"51","grnn_pred",0.0149969752975446,0.0709594068877551,0.88291167085295,40
"52","grnn_pred",0.0060646257015289,0.0544347971938776,0.950063554489884,40
"53","grnn_pred",0.00646428841420987,0.0587900553571429,0.953425877173373,40
"54","grnn_pred",0.00528443452326046,0.0518197566326531,0.952060664402875,40
"55","grnn_pred",0.00599748100977903,0.0539474596938775,0.949697361744144,40
"56","grnn_pred",0.0208241638224066,0.0821873443877551,0.867941962862113,40
"57","grnn_pred",0.00513243420618265,0.0492915704081633,0.960245655624899,40
"58","grnn_pred",0.00493975863776209,0.0510857096938776,0.965789806391605,40
"59","grnn_pred",0.00524609049275676,0.0510326232142857,0.959776603129998,40
"60","grnn_pred",0.00505596506147827,0.052541543877551,0.960569485291862,40
"61","grnn_pred",0.00857793812388554,0.0632077283163265,0.932520502003715,40
"62","grnn_pred",0.00480342177778214,0.0512374112244898,0.962811863312568,40
"63","grnn_pred",0.00417881118313923,0.0495010515306122,0.9658756589798,40
"64","grnn_pred",0.00446248828105347,0.0503170755102041,0.963780888612038,40
"65","grnn_pred",0.00843696631979589,0.0576199012755102,0.930502951561918,40
"66","grnn_pred",0.0101635765797876,0.0686502823979592,0.920171962402539,40
"67","grnn_pred",0.00635057092998977,0.0564610926020408,0.950048049660741,40
"68","grnn_pred",0.00697725952697717,0.0545022303571429,0.942031350642094,40
"69","grnn_pred",0.00462457101562314,0.0498807507653061,0.961125358891248,40
"70","grnn_pred",0.00588559705402717,0.0551292660714286,0.953380691145206,40
"71","grnn_pred",0.0130888498468022,0.0764560630102041,0.903691112326324,40
"72","grnn_pred",0.0066429610662076,0.0614592448979592,0.939903610887599,40
"73","grnn_pred",0.00832805569782574,0.0644026130102041,0.920451734604946,40
"74","grnn_pred",0.00631136124918885,0.0605666221938776,0.939563381702927,40
"75","grnn_pred",0.00704376413975732,0.059786299744898,0.935209256865661,40
"76","grnn_pred",0.008842405592471,0.0633015732142857,0.940116856258068,40
"77","grnn_pred",0.0049934678332914,0.052724781377551,0.963368443351561,40
"78","grnn_pred",0.00699408529546434,0.0607530331632653,0.94730088333912,40
"79","grnn_pred",0.006356316659891,0.0543385630102041,0.951408555401005,40
"80","grnn_pred",0.00528371503428176,0.0523374140306122,0.960198040352477,40
"81","grnn_pred",0.00883989325311204,0.0598779801020408,0.930295616602398,40
"82","grnn_pred",0.0053563464736414,0.0548152987244898,0.951372855721634,40
"83","grnn_pred",0.0070353491722777,0.0563941591836735,0.928389577683013,40
"84","grnn_pred",0.0046484288328639,0.051736674744898,0.953653899241319,40
"85","grnn_pred",0.00637923288128041,0.0567357709183673,0.939478003315565,40
"86","grnn_pred",0.0220667138051681,0.0951932084183673,0.850584725069208,40
"87","grnn_pred",0.00471996655761574,0.0530932441326531,0.962107411898771,40
"88","grnn_pred",0.00434001965699212,0.0486168329081633,0.966261508384253,40
"89","grnn_pred",0.0051381201989287,0.0527122875,0.961387470619295,40
"90","grnn_pred",0.00487885387907105,0.0520554762755102,0.961325953942941,40
"91","grnn_pred",0.00870361347016362,0.0626060112244898,0.936864066652822,40
"92","grnn_pred",0.00775531068112906,0.0605272778061225,0.935652543739985,40
"93","grnn_pred",0.00527678400741837,0.0507749984693878,0.958236314680945,40
"94","grnn_pred",0.0056030239535,0.0537863066326531,0.951996050169677,40
"95","grnn_pred",0.0057120897721065,0.0542637543367347,0.951041143152394,40
"96","grnn_pred",0.0521443258157069,0.127710405612245,0.633798660309509,40
"97","grnn_pred",0.00723061260012255,0.0616684260204082,0.922609502568594,40
"98","grnn_pred",0.00444522879942327,0.050672387755102,0.954233200895948,40
"99","grnn_pred",0.00445313003048929,0.0525040045918367,0.954003261835181,40
"100","grnn_pred",0.00684496131994638,0.059505506122449,0.936423431793089,40
"101","mlinGrnn_pred",0.0267203376011149,0.0991663089285714,0.826231879778693,40
"102","mlinGrnn_pred",0.01360674227887,0.073632793622449,0.896746781956099,40
"103","mlinGrnn_pred",0.0113124623256432,0.070688637755102,0.915413777796179,40
"104","mlinGrnn_pred",0.00716197184846587,0.0639784025510204,0.944066241158173,40
"105","mlinGrnn_pred",0.0132331229295919,0.0739950918367347,0.900015434227791,40
"106","mlinGrnn_pred",0.0180793884972353,0.0786764956632653,0.875143719176217,40
"107","mlinGrnn_pred",0.0168075879243374,0.0822955767857143,0.877580383939916,40
"108","mlinGrnn_pred",0.015524321998758,0.0756298808673469,0.886826154839895,40
"109","mlinGrnn_pred",0.00589098770077898,0.0560171602040816,0.95554908543895,40
"110","mlinGrnn_pred",0.00866792894245559,0.0657267522959184,0.9330390393103,40
"111","mlinGrnn_pred",0.0239632033172391,0.100024850510204,0.830821592984118,40
"112","mlinGrnn_pred",0.00855385867981742,0.0650750573979592,0.937056877159728,40
"113","mlinGrnn_pred",0.00953579507101773,0.0666376783163265,0.929918610906408,40
"114","mlinGrnn_pred",0.0176376637040663,0.0812103423469388,0.868210493543999,40
"115","mlinGrnn_pred",0.00926317891467939,0.0625009423469388,0.932302676652427,40
"116","mlinGrnn_pred",0.0190378465066319,0.0881859964285714,0.853394516514094,40
"117","mlinGrnn_pred",0.0163329728771322,0.083515012755102,0.882180676188984,40
"118","mlinGrnn_pred",0.0121757020041866,0.0749632290816327,0.900929811298357,40
"119","mlinGrnn_pred",0.0152981259786154,0.0771633732142857,0.878647266967204,40
"120","mlinGrnn_pred",0.0110127580398781,0.0744936224489796,0.903190570056559,40
"121","mlinGrnn_pred",0.0216248156613073,0.0942997604591837,0.838866671315246,40
"122","mlinGrnn_pred",0.0113297269388562,0.0706345859693878,0.901972688095136,40
"123","mlinGrnn_pred",0.00834936554948125,0.0664375125,0.931566794555571,40
"124","mlinGrnn_pred",0.0148653484120512,0.0815533423469388,0.862958814256595,40
"125","mlinGrnn_pred",0.0195484845289445,0.0827982076530612,0.834153203836386,40
"126","mlinGrnn_pred",0.0367788097085183,0.115501063520408,0.762590525224525,40
"127","mlinGrnn_pred",0.0125180392242414,0.0773704344387755,0.905379886964921,40
"128","mlinGrnn_pred",0.0149084006297292,0.0784636367346939,0.884005701217195,40
"129","mlinGrnn_pred",0.0165606163697001,0.0743531387755102,0.87936798422413,40
"130","mlinGrnn_pred",0.0126327423724517,0.0751515609693878,0.911989732298573,40
"131","mlinGrnn_pred",0.0110790366486149,0.0674670369897959,0.915075821797544,40
"132","mlinGrnn_pred",0.00868549007114087,0.0648886275510204,0.913245856804457,40
"133","mlinGrnn_pred",0.010735174962024,0.0645764724489796,0.895529874175367,40
"134","mlinGrnn_pred",0.00781242146131133,0.0592890071428571,0.928195325797562,40
"135","mlinGrnn_pred",0.0155832686547758,0.0743744482142857,0.864550107896633,40
"136","mlinGrnn_pred",0.0115234067404692,0.0779561505102041,0.918152238087378,40
"137","mlinGrnn_pred",0.0102462295350764,0.0715931864795918,0.916719517145509,40
"138","mlinGrnn_pred",0.00965824426306957,0.0682620119897959,0.926166290675884,40
"139","mlinGrnn_pred",0.00994508208089128,0.0673789918367347,0.916333430501529,40
"140","mlinGrnn_pred",0.0082643306961987,0.0701647068877551,0.931790570634811,40
"141","mlinGrnn_pred",0.0344207579232373,0.111949771428571,0.786967991830258,40
"142","mlinGrnn_pred",0.0102825605329073,0.0711436145408163,0.917657956407361,40
"143","mlinGrnn_pred",0.01645436476859,0.0851719859693878,0.879654686254408,40
"144","mlinGrnn_pred",0.00912501529094722,0.0700383278061224,0.927766162256904,40
"145","mlinGrnn_pred",0.0131895016995025,0.073184968622449,0.892650285252885,40
"146","mlinGrnn_pred",0.0298055614694833,0.101186377806122,0.792437268732338,40
"147","mlinGrnn_pred",0.0134650923440933,0.0764640471938775,0.916373656156659,40
"148","mlinGrnn_pred",0.0138828083380808,0.0788548038265306,0.8974741982451,40
"149","mlinGrnn_pred",0.0112340669200792,0.0702935785714286,0.926915411194788,40
"150","mlinGrnn_pred",0.0136923977760911,0.0801685533163265,0.900610725477594,40
"151","mlinGrnn_pred",0.018650706275734,0.085516849744898,0.863995804263047,40
"152","mlinGrnn_pred",0.00854626116940898,0.063595656122449,0.929090689738418,40
"153","mlinGrnn_pred",0.0156595809369654,0.0779038989795918,0.872123207175877,40
"154","mlinGrnn_pred",0.0103187056778629,0.0674323216836735,0.903476269938873,40
"155","mlinGrnn_pred",0.0161205638136847,0.07650185,0.875467000911443,40
"156","mlinGrnn_pred",0.0264973753302233,0.100022513265306,0.835463947545853,40
"157","mlinGrnn_pred",0.00683567752300089,0.0578206630102041,0.947129855880449,40
"158","mlinGrnn_pred",0.00955755166842992,0.0652080237244898,0.931703886333765,40
"159","mlinGrnn_pred",0.00986413146419059,0.0640724492346939,0.92404671977731,40
"160","mlinGrnn_pred",0.0170941496913997,0.0754729841836735,0.871029475380927,40
"161","mlinGrnn_pred",0.0185218050919985,0.0879178696428571,0.863262431944157,40
"162","mlinGrnn_pred",0.00779026480018176,0.0645824971938776,0.941992515126175,40
"163","mlinGrnn_pred",0.00719685577241426,0.0609367829081633,0.941508183655095,40
"164","mlinGrnn_pred",0.00693980248511582,0.0628699530612245,0.943288342686557,40
"165","mlinGrnn_pred",0.0145468990094383,0.072830493622449,0.883642293807852,40
"166","mlinGrnn_pred",0.0251824937836841,0.104705527040816,0.823147226246008,40
"167","mlinGrnn_pred",0.0116432727796815,0.071498368877551,0.907701278291313,40
"168","mlinGrnn_pred",0.0115425119253243,0.0724489209183673,0.908011869764143,40
"169","mlinGrnn_pred",0.0159174209391773,0.0720671607142857,0.862020672889032,40
"170","mlinGrnn_pred",0.0140700215925953,0.0757700341836735,0.895272309064671,40
"171","mlinGrnn_pred",0.0184200815713752,0.0883298964285714,0.866818609983214,40
"172","mlinGrnn_pred",0.0071519527819188,0.0602760905612245,0.934711953206481,40
"173","mlinGrnn_pred",0.0151570057962155,0.0793660698979592,0.854336017093427,40
"174","mlinGrnn_pred",0.00923659756946306,0.0700484693877551,0.915156849646719,40
"175","mlinGrnn_pred",0.0157480979026654,0.0770623178571429,0.857430400753907,40
"176","mlinGrnn_pred",0.0212205651590477,0.0885725943877551,0.857341779160224,40
"177","mlinGrnn_pred",0.0148031207872937,0.0715751469387755,0.890982853075992,40
"178","mlinGrnn_pred",0.018585971135165,0.0814307308673469,0.863826967078788,40
"179","mlinGrnn_pred",0.0120092842881941,0.0644974933673469,0.911469006317328,40
"180","mlinGrnn_pred",0.00781677556697064,0.0648354400510204,0.940353179920603,40
"181","mlinGrnn_pred",0.0191397527454442,0.0813633818877551,0.847633877828372,40
"182","mlinGrnn_pred",0.0101663433528095,0.0710570895408163,0.908779455902665,40
"183","mlinGrnn_pred",0.0124653344813671,0.0739186849489796,0.881536952990854,40
"184","mlinGrnn_pred",0.00711255627191334,0.0627672089285714,0.930400023791482,40
"185","mlinGrnn_pred",0.0096918435519352,0.0669997193877551,0.90741533323866,40
"186","mlinGrnn_pred",0.0370336986985669,0.126596283163265,0.761173099648914,40
"187","mlinGrnn_pred",0.00823661553423895,0.0659985619897959,0.933844137771531,40
"188","mlinGrnn_pred",0.00913564420384645,0.0610086288265306,0.930087745680963,40
"189","mlinGrnn_pred",0.0114815491196755,0.0683084028061225,0.914154831213744,40
"190","mlinGrnn_pred",0.00911825657194551,0.0675118913265306,0.930651749769285,40
"191","mlinGrnn_pred",0.0156493574552434,0.0845796783163265,0.889303075954045,40
"192","mlinGrnn_pred",0.0115775309106193,0.0745854117346939,0.903289515639645,40
"193","mlinGrnn_pred",0.00671292818770645,0.0579878732142857,0.947049951967524,40
"194","mlinGrnn_pred",0.0103116871187999,0.0630643721938775,0.913859316336169,40
"195","mlinGrnn_pred",0.0127241167818355,0.0724311211734694,0.892974869466927,40
"196","mlinGrnn_pred",0.048877160509556,0.142450552806122,0.633598720055159,40
"197","mlinGrnn_pred",0.0105289978612847,0.0748755244897959,0.885705024434847,40
"198","mlinGrnn_pred",0.00793928366730059,0.0601226635204082,0.918527428556405,40
"199","mlinGrnn_pred",0.00852320796308681,0.0632746216836735,0.91814895005568,40
"200","mlinGrnn_pred",0.0189625828691109,0.0861940346938776,0.817874895413358,40
"1111","biRnn_pred_a=1.0000_3",0.0457748153734577,0.145389610800793,0.687557927273071,40
"1121","biRnn_pred_a=1.0000_3",0.0271320046392817,0.103889560730641,0.780756521265374,40
"1131","biRnn_pred_a=1.0000_3",0.0177048571977981,0.0868969437596878,0.856193330241961,40
"1141","biRnn_pred_a=1.0000_3",0.0162073796595153,0.0842563602356863,0.866982840449761,40
"1151","biRnn_pred_a=1.0000_3",0.0207910515236025,0.0931949516826392,0.83120770946806,40
"271","biRnn_pred_a=1.0000_3",0.0391897735471937,0.134617996345224,0.723940614002649,40
"272","biRnn_pred_a=1.0000_3",0.020504217000368,0.091035976853588,0.83354863258064,40
"273","biRnn_pred_a=1.0000_3",0.0236925633010407,0.108443990268909,0.825883003933332,40
"274","biRnn_pred_a=1.0000_3",0.0201124177365523,0.0911541109843172,0.837573374522479,40
"275","biRnn_pred_a=1.0000_3",0.019875765525876,0.0934714627425893,0.83828198232634,40
"431","biRnn_pred_a=1.0000_3",0.0354574840970398,0.126562210494487,0.727727179467605,40
"432","biRnn_pred_a=1.0000_3",0.0170003023071398,0.0813461329753835,0.866650070249049,40
"433","biRnn_pred_a=1.0000_3",0.0221010144946554,0.102290217637647,0.816503773890661,40
"434","biRnn_pred_a=1.0000_3",0.021761992170427,0.0895444685459462,0.83213315332599,40
"435","biRnn_pred_a=1.0000_3",0.0190148143194915,0.0966047000963785,0.854842695367704,40
"591","biRnn_pred_a=1.0000_3",0.0305650508497025,0.128942707748414,0.729515262779825,40
"592","biRnn_pred_a=1.0000_3",0.024416510164582,0.110327987254186,0.79856315138639,40
"593","biRnn_pred_a=1.0000_3",0.0228275074688539,0.0998185912323974,0.795742848600448,40
"594","biRnn_pred_a=1.0000_3",0.018653258656874,0.0933642142991832,0.841102771626918,40
"595","biRnn_pred_a=1.0000_3",0.0195432188685868,0.092626189626545,0.819689633022229,40
"751","biRnn_pred_a=1.0000_3",0.0374812608895098,0.134667569012053,0.716824221050805,40
"752","biRnn_pred_a=1.0000_3",0.0191772452070402,0.0892229068174676,0.815793424121439,40
"753","biRnn_pred_a=1.0000_3",0.0205906439389132,0.0991093977530508,0.823206670308226,40
"754","biRnn_pred_a=1.0000_3",0.0219125207093647,0.100655194557153,0.777383381457425,40
"755","biRnn_pred_a=1.0000_3",0.0193945720625232,0.0895537566735181,0.821324093393601,40
"911","biRnn_pred_a=1.0000_3",0.0430423837959031,0.135655795834151,0.700626982382444,40
"912","biRnn_pred_a=1.0000_3",0.0220890992247804,0.0982926114025047,0.818707645623689,40
"913","biRnn_pred_a=1.0000_3",0.0202303170775924,0.0982509124087398,0.836483358776827,40
"914","biRnn_pred_a=1.0000_3",0.0206502312845652,0.0917456671096648,0.827240646845998,40
"915","biRnn_pred_a=1.0000_3",0.0174268068917499,0.0878863295347248,0.863070166837085,40
"1071","biRnn_pred_a=1.0000_3",0.0275523638142642,0.117248465740348,0.763259610136924,40
"1072","biRnn_pred_a=1.0000_3",0.0192456549653149,0.0884450857517213,0.797553211613472,40
"1073","biRnn_pred_a=1.0000_3",0.013642725509227,0.0805177597011178,0.864883230272666,40
"1074","biRnn_pred_a=1.0000_3",0.0173810663285219,0.0900047563709963,0.828665008521034,40
"1075","biRnn_pred_a=1.0000_3",0.0214477106169183,0.0967723494962799,0.787049046945466,40
"1231","biRnn_pred_a=1.0000_3",0.0350849204373019,0.140018341838108,0.731085162983008,40
"1232","biRnn_pred_a=1.0000_3",0.0261171177264701,0.108944108733501,0.76748624935208,40
"1233","biRnn_pred_a=1.0000_3",0.0240111036953433,0.104172469352974,0.799222379199759,40
"1234","biRnn_pred_a=1.0000_3",0.0176916014294265,0.0909370777048116,0.843637518706698,40
"1235","biRnn_pred_a=1.0000_3",0.0242867144558718,0.113159065062357,0.800104617576118,40
"1391","biRnn_pred_a=1.0000_3",0.0568117467493576,0.165254046225692,0.609257250023542,40
"1392","biRnn_pred_a=1.0000_3",0.0259053562290985,0.114561764251371,0.775787158917965,40
"1393","biRnn_pred_a=1.0000_3",0.0259914560531279,0.110614945093372,0.79369890566796,40
"1394","biRnn_pred_a=1.0000_3",0.0195628429197156,0.0955730391878088,0.836402658644089,40
"1395","biRnn_pred_a=1.0000_3",0.015445482151257,0.0895715441572129,0.870899095145864,40
"1551","biRnn_pred_a=1.0000_3",0.0490213020379448,0.156522842463395,0.616246605602168,40
"1552","biRnn_pred_a=1.0000_3",0.0248291175649004,0.103000252991767,0.827735807851748,40
"1553","biRnn_pred_a=1.0000_3",0.0236518943393864,0.105789136991133,0.814736911873649,40
"1554","biRnn_pred_a=1.0000_3",0.0295427095149618,0.117608044641107,0.792708319496033,40
"1555","biRnn_pred_a=1.0000_3",0.0215531916553082,0.0999076924958152,0.83657559562795,40
"1311","mlp_pred_a=0.4000_",0.0461796066503525,0.145449991727292,0.689388788901155,40
"1321","mlp_pred_a=0.4000_",0.0253541740996816,0.100250601860564,0.794164952764045,40
"1331","mlp_pred_a=0.4000_",0.0188612855480919,0.093088062911257,0.847018861473027,40
"1341","mlp_pred_a=0.4000_",0.0151278482100062,0.0853351261004288,0.877028845456657,40
"1351","mlp_pred_a=0.4000_",0.0212822977737483,0.0992570248030492,0.828449114655898,40
"651","mlp_pred_a=0.4000_",0.0380301874255716,0.132839063453695,0.735227330843865,40
"652","mlp_pred_a=0.4000_",0.0196268555160276,0.0901176151460839,0.842787573888034,40
"653","mlp_pred_a=0.4000_",0.0210284254876301,0.102391283863327,0.849556734260506,40
"654","mlp_pred_a=0.4000_",0.017666091434048,0.087036654741794,0.858414903183605,40
"655","mlp_pred_a=0.4000_",0.0191198400224237,0.0950744405104884,0.844999699111978,40
"1171","mlp_pred_a=0.4000_",0.0325771179783277,0.123155667316911,0.747543804629478,40
"1172","mlp_pred_a=0.4000_",0.0162312018949657,0.0825241989861841,0.873224373372444,40
"1173","mlp_pred_a=0.4000_",0.020015443898952,0.096457154819101,0.833693790446271,40
"1174","mlp_pred_a=0.4000_",0.0180284390441446,0.0865420943554655,0.860570148814618,40
"1175","mlp_pred_a=0.4000_",0.0182224466582762,0.0966715058187976,0.860568691331468,40
"1691","mlp_pred_a=0.4000_",0.0300437268767371,0.126610130521221,0.737279292695326,40
"1692","mlp_pred_a=0.4000_",0.0235106998504144,0.107029183659365,0.807333133227154,40
"1693","mlp_pred_a=0.4000_",0.0208392814256378,0.0993413821413664,0.813489266508822,40
"1694","mlp_pred_a=0.4000_",0.0191000163166628,0.101447674998557,0.84274975291642,40
"1695","mlp_pred_a=0.4000_",0.0179798241658664,0.0908969451015648,0.835631579269001,40
"2211","mlp_pred_a=0.4000_",0.0353733141729023,0.131735372174614,0.733492924135526,40
"2212","mlp_pred_a=0.4000_",0.017813935072551,0.0886374693429322,0.830370621479173,40
"2213","mlp_pred_a=0.4000_",0.0192432614412605,0.094544863267183,0.833052763007607,40
"2214","mlp_pred_a=0.4000_",0.0210364848570619,0.100387213029863,0.785117106086979,40
"2215","mlp_pred_a=0.4000_",0.0182375596975232,0.0889609868460732,0.831666596517032,40
"2731","mlp_pred_a=0.4000_",0.0405595769550807,0.133621108705974,0.725864213847476,40
"2732","mlp_pred_a=0.4000_",0.0199585470609036,0.0994078029716638,0.845970700341423,40
"2733","mlp_pred_a=0.4000_",0.019410263017879,0.0970624354427439,0.844479640153034,40
"2734","mlp_pred_a=0.4000_",0.022356449356864,0.101653433766725,0.826060582632026,40
"2735","mlp_pred_a=0.4000_",0.0175814425440046,0.089904584571683,0.861913548209277,40
"3251","mlp_pred_a=0.4000_",0.025934607847155,0.111643153601401,0.782551225582135,40
"3252","mlp_pred_a=0.4000_",0.018378437554025,0.0840511438586053,0.804431497002258,40
"3253","mlp_pred_a=0.4000_",0.013654650027021,0.0824073874677728,0.864970627594423,40
"3254","mlp_pred_a=0.4000_",0.0176702678321308,0.0949938820868263,0.829533395740048,40
"3255","mlp_pred_a=0.4000_",0.0186761860340188,0.0913944959675473,0.816936216115607,40
"3771","mlp_pred_a=0.4000_",0.0281025666794594,0.123080925034383,0.789117924403786,40
"3772","mlp_pred_a=0.4000_",0.0225988858759398,0.102875704921664,0.80533380725822,40
"3773","mlp_pred_a=0.4000_",0.020570805984352,0.0997897214696764,0.830538501327806,40
"3774","mlp_pred_a=0.4000_",0.0151081624096563,0.0842230570272828,0.868505522788366,40
"3775","mlp_pred_a=0.4000_",0.0240257956881492,0.113724121428205,0.81283508856186,40
"4291","mlp_pred_a=0.4000_",0.0493521368012274,0.151119086166903,0.661947905850481,40
"4292","mlp_pred_a=0.4000_",0.0260296694759807,0.114502171650353,0.775566705478896,40
"4293","mlp_pred_a=0.4000_",0.0248649464379461,0.112598432314256,0.798823860830382,40
"4294","mlp_pred_a=0.4000_",0.0215473827025348,0.103459742583712,0.818418505958583,40
"4295","mlp_pred_a=0.4000_",0.0164819886727109,0.0922945436765793,0.86407144106111,40
"4811","mlp_pred_a=0.4000_",0.0464634471131379,0.160002292379109,0.651811669981623,40
"4812","mlp_pred_a=0.4000_",0.0227651826848132,0.0989414021796208,0.841753245519732,40
"4813","mlp_pred_a=0.4000_",0.0213721898470048,0.102800330072841,0.834289661337979,40
"4814","mlp_pred_a=0.4000_",0.0267337574205743,0.114510792159457,0.815605575236662,40
"4815","mlp_pred_a=0.4000_",0.0198591434608154,0.0990304933725845,0.851144873894305,40
"1610","rnn_pred_a=0.0000_4",0.052076584070762,0.15793382318872,0.64639954987378,40
"1710","rnn_pred_a=0.0000_4",0.0299989803094747,0.113607717313276,0.753145388331701,40
"1810","rnn_pred_a=0.0000_4",0.0222825833873767,0.108373513318342,0.822915046251342,40
"1910","rnn_pred_a=0.0000_4",0.0179507906322341,0.0951966913185949,0.852877388434604,40
"201","rnn_pred_a=0.0000_4",0.0231092187652817,0.10748150554472,0.814479378361952,40
"1761","rnn_pred_a=0.0000_4",0.0420572476317217,0.143452176614916,0.689008126642583,40
"1771","rnn_pred_a=0.0000_4",0.0248539451009049,0.104820788324415,0.794214431437156,40
"1781","rnn_pred_a=0.0000_4",0.0260419080328478,0.119974171716233,0.809719071454695,40
"1791","rnn_pred_a=0.0000_4",0.0223537830348378,0.102503251048866,0.817569289383733,40
"1801","rnn_pred_a=0.0000_4",0.0212186081122166,0.102007959236416,0.8262210100917,40
"336","rnn_pred_a=0.0000_4",0.0379319267659437,0.135521645244137,0.69693884618903,40
"337","rnn_pred_a=0.0000_4",0.0204006767242008,0.0969222634840047,0.837760441478817,40
"338","rnn_pred_a=0.0000_4",0.0246909011415399,0.108712655666668,0.788172504397478,40
"339","rnn_pred_a=0.0000_4",0.0246699639290626,0.10121786677558,0.808191678647416,40
"340","rnn_pred_a=0.0000_4",0.0226109571863459,0.110878458330342,0.822389597360419,40
"496","rnn_pred_a=0.0000_4",0.0327469562453602,0.138779912887182,0.706896902887473,40
"497","rnn_pred_a=0.0000_4",0.0292745954856425,0.126326330453133,0.752274551727724,40
"498","rnn_pred_a=0.0000_4",0.0267558512582691,0.123693410541302,0.752178690160926,40
"499","rnn_pred_a=0.0000_4",0.0204810807904207,0.104151325145868,0.821892811186393,40
"500","rnn_pred_a=0.0000_4",0.0228889430176899,0.105512892289305,0.785536447006431,40
"656","rnn_pred_a=0.0000_4",0.0414148058727826,0.146873349016514,0.683909121446298,40
"657","rnn_pred_a=0.0000_4",0.021363033711552,0.0994737132350399,0.793367487886605,40
"658","rnn_pred_a=0.0000_4",0.0240358623784772,0.114514732963866,0.790636238585409,40
"659","rnn_pred_a=0.0000_4",0.0243657008495415,0.109708408428889,0.741222018871375,40
"660","rnn_pred_a=0.0000_4",0.0229703881975694,0.103038983886109,0.769614483616183,40
"816","rnn_pred_a=0.0000_4",0.0504022350512381,0.153576625134827,0.645951937360361,40
"817","rnn_pred_a=0.0000_4",0.0255540113197359,0.109839141398694,0.784898323611343,40
"818","rnn_pred_a=0.0000_4",0.0244030522798713,0.110406565447497,0.796481840809725,40
"819","rnn_pred_a=0.0000_4",0.0257586582973348,0.107241244633304,0.792695998797302,40
"820","rnn_pred_a=0.0000_4",0.0197494344705862,0.0983087944606735,0.843227883592384,40
"976","rnn_pred_a=0.0000_4",0.0308333273821511,0.12261503941805,0.736910247819598,40
"977","rnn_pred_a=0.0000_4",0.0205515379182371,0.0920371053912895,0.779732471506005,40
"978","rnn_pred_a=0.0000_4",0.0178373345305795,0.0964801901373457,0.819128968650889,40
"979","rnn_pred_a=0.0000_4",0.0198649265583173,0.100171905107006,0.801716168677259,40
"980","rnn_pred_a=0.0000_4",0.0239222868233748,0.108672328797585,0.75821240546897,40
"1136","rnn_pred_a=0.0000_4",0.0394920479073742,0.15315593458427,0.699656794877466,40
"1137","rnn_pred_a=0.0000_4",0.0302476906497429,0.126238107146231,0.726091413721506,40
"1138","rnn_pred_a=0.0000_4",0.0289025899345182,0.122107908916473,0.754204606527154,40
"1139","rnn_pred_a=0.0000_4",0.0185977280132694,0.0974188102576983,0.836200799470095,40
"1140","rnn_pred_a=0.0000_4",0.0280556892181436,0.125929287591827,0.758945250175938,40
"1296","rnn_pred_a=0.0000_4",0.0597995145226742,0.176573716954934,0.57895969930722,40
"1297","rnn_pred_a=0.0000_4",0.0335295317096669,0.138270158731193,0.710287561984124,40
"1298","rnn_pred_a=0.0000_4",0.0284808374763964,0.121264463477328,0.762012175101475,40
"1299","rnn_pred_a=0.0000_4",0.024678054378337,0.118007976357861,0.789060089049932,40
"1300","rnn_pred_a=0.0000_4",0.0209619920784165,0.109973905900611,0.820080324342925,40
"1456","rnn_pred_a=0.0000_4",0.052954653500482,0.165172132216721,0.583928259763406,40
"1457","rnn_pred_a=0.0000_4",0.0291792482201799,0.119642333705248,0.793134933038815,40
"1458","rnn_pred_a=0.0000_4",0.0278446197979783,0.117253272684635,0.780718198392928,40
"1459","rnn_pred_a=0.0000_4",0.0345684747654262,0.129512218119257,0.749622972806265,40
"1460","rnn_pred_a=0.0000_4",0.024772598786647,0.109945626558511,0.809055368795505,40
"1100","lasso_pred_a=0.1535_",0.0571227553870676,0.164522478885472,0.603143210111437,40
"210","lasso_pred_a=0.1535_",0.0314278544227267,0.12025633243883,0.740652601033694,40
"310","lasso_pred_a=0.1535_",0.0218800615353967,0.103577235574549,0.82699830770533,40
"410","lasso_pred_a=0.1535_",0.0212081085369145,0.0984337365175646,0.823004562845817,40
"510","lasso_pred_a=0.1535_",0.0227004576497629,0.102626435251177,0.817392974165555,40
"251","lasso_pred_a=0.1535_",0.0508981867810953,0.151842611327393,0.625987325025624,40
"252","lasso_pred_a=0.1535_",0.0317038665304383,0.117970818159088,0.730110153970481,40
"253","lasso_pred_a=0.1535_",0.0255649407429348,0.112286770119355,0.809130303292338,40
"254","lasso_pred_a=0.1535_",0.0226009320235681,0.102607267937251,0.826240685920617,40
"255","lasso_pred_a=0.1535_",0.0193317741793418,0.0966247138817147,0.847344562152182,40
"501","lasso_pred_a=0.1535_",0.0449392524397702,0.144897077185307,0.634673012474705,40
"502","lasso_pred_a=0.1535_",0.0238774130904461,0.110623504652639,0.818579508098059,40
"503","lasso_pred_a=0.1535_",0.0231445128665497,0.106938871533055,0.808813120293194,40
"504","lasso_pred_a=0.1535_",0.0268157251317973,0.109499935789324,0.785109062273643,40
"505","lasso_pred_a=0.1535_",0.025952105708962,0.115090380295856,0.793226592374181,40
"7511","lasso_pred_a=0.1535_",0.0429899666779568,0.15372255355527,0.608591517425627,40
"7521","lasso_pred_a=0.1535_",0.0335760668286206,0.135905599112455,0.709763933466376,40
"7531","lasso_pred_a=0.1535_",0.026604961099491,0.120000302313002,0.753639834987964,40
"7541","lasso_pred_a=0.1535_",0.0276924812037451,0.125599561380823,0.752777709362049,40
"7551","lasso_pred_a=0.1535_",0.025331519995736,0.114557965782188,0.759673550276661,40
"1001","lasso_pred_a=0.1535_",0.0500790959897149,0.157020851700247,0.602854129720932,40
"1002","lasso_pred_a=0.1535_",0.0260792106298567,0.112517460633206,0.760195891030912,40
"1003","lasso_pred_a=0.1535_",0.0291921050505769,0.123339381486141,0.738181130430975,40
"1004","lasso_pred_a=0.1535_",0.0226771351995534,0.102866638199577,0.759991828502742,40
"1005","lasso_pred_a=0.1535_",0.0247654714909608,0.107108886104464,0.747414080167076,40
"1251","lasso_pred_a=0.1535_",0.0593823915038378,0.173747078509859,0.549266756966708,40
"1252","lasso_pred_a=0.1535_",0.028936705008934,0.122004738578906,0.761442995691424,40
"1253","lasso_pred_a=0.1535_",0.0290867707892136,0.122245159976001,0.75162706589202,40
"1254","lasso_pred_a=0.1535_",0.0297981425226455,0.124799075720164,0.741500478646559,40
"1255","lasso_pred_a=0.1535_",0.0268249863178558,0.119730666225363,0.780764671787058,40
"1501","lasso_pred_a=0.1535_",0.0371103369917454,0.131019939629614,0.670084048691382,40
"1502","lasso_pred_a=0.1535_",0.0227852506656864,0.101020240011588,0.750033209557263,40
"1503","lasso_pred_a=0.1535_",0.0198822249865757,0.105682659993775,0.808709780408643,40
"1504","lasso_pred_a=0.1535_",0.0241545948902526,0.109841940921172,0.751518395841593,40
"1505","lasso_pred_a=0.1535_",0.0264912077314023,0.114778612636805,0.727833176779536,40
"1751","lasso_pred_a=0.1535_",0.0621147987809226,0.183127772886906,0.515052559538503,40
"1752","lasso_pred_a=0.1535_",0.0349840374743489,0.131929591136114,0.671006630558863,40
"1753","lasso_pred_a=0.1535_",0.0371804963508505,0.141269124377607,0.699275311062813,40
"1754","lasso_pred_a=0.1535_",0.0230370194844966,0.113946166350353,0.795600029703997,40
"1755","lasso_pred_a=0.1535_",0.0278424715206598,0.12264708231139,0.754665796910779,40
"2001","lasso_pred_a=0.1535_",0.0658800756779888,0.184362622489826,0.512603417712391,40
"2002","lasso_pred_a=0.1535_",0.0391126018146174,0.14486421905233,0.645860229024716,40
"2003","lasso_pred_a=0.1535_",0.0322138210735935,0.131857593748838,0.729402204796633,40
"2004","lasso_pred_a=0.1535_",0.02842646874429,0.12450223150554,0.751560886488687,40
"2005","lasso_pred_a=0.1535_",0.0239313950848629,0.121229492085333,0.798485292623088,40
"2251","lasso_pred_a=0.1535_",0.0587312295590085,0.174544420004461,0.537689905542548,40
"2252","lasso_pred_a=0.1535_",0.0367054063237609,0.139401660340152,0.728486739368441,40
"2253","lasso_pred_a=0.1535_",0.0316520086331337,0.12980155801387,0.741292525304396,40
"2254","lasso_pred_a=0.1535_",0.0365959927914292,0.142718098299377,0.738431936948889,40
"2255","lasso_pred_a=0.1535_",0.0260449366727787,0.122018132439309,0.807776338451857,40
"2501","lasso_pred_a=0.1535_",0.0506925332182639,0.161765241550663,0.583441988603604,40
"2502","lasso_pred_a=0.1535_",0.0292354125688035,0.127568509177805,0.738361101912702,40
"2503","lasso_pred_a=0.1535_",0.0287913409102753,0.121190335052718,0.767323316562643,40
"2504","lasso_pred_a=0.1535_",0.0254600532367666,0.101654613645368,0.738955670690339,40
"2505","lasso_pred_a=0.1535_",0.0276697602735392,0.119307348539839,0.729864319882226,40
"2751","lasso_pred_a=0.1535_",0.0528119286785888,0.156227251049163,0.629087473455979,40
"2752","lasso_pred_a=0.1535_",0.0201005529298329,0.0916959314451714,0.835851246686296,40
"2753","lasso_pred_a=0.1535_",0.0221920842510366,0.105181530456349,0.826031003604305,40
"2754","lasso_pred_a=0.1535_",0.0219581070485698,0.0976653764706548,0.818114237718912,40
"2755","lasso_pred_a=0.1535_",0.0188787815435929,0.0941546770940186,0.845331925018508,40
"3001","lasso_pred_a=0.1535_",0.0455192671721579,0.142039332863293,0.648366630938657,40
"3002","lasso_pred_a=0.1535_",0.0228641118253854,0.103180373884798,0.812701848325925,40
"3003","lasso_pred_a=0.1535_",0.0277989782890859,0.114728096058904,0.776040193655729,40
"3004","lasso_pred_a=0.1535_",0.0252605309992388,0.108619227988975,0.771266807823708,40
"3005","lasso_pred_a=0.1535_",0.0273135091336408,0.116180774602006,0.759681005132452,40
"32511","lasso_pred_a=0.1535_",0.0601934492182339,0.177484372693156,0.544328078391038,40
"32521","lasso_pred_a=0.1535_",0.0291100169457712,0.124185990995179,0.741885865057635,40
"32531","lasso_pred_a=0.1535_",0.0272115897309008,0.118814451099227,0.768621762566275,40
"32541","lasso_pred_a=0.1535_",0.0237740962165343,0.112692686366756,0.783802465885751,40
"32551","lasso_pred_a=0.1535_",0.0297123159563765,0.127945963823876,0.753496344258631,40
"3501","lasso_pred_a=0.1535_",0.0529202108439718,0.17091069411662,0.542592595091091,40
"3502","lasso_pred_a=0.1535_",0.0274740550433951,0.127023469745818,0.718087451990608,40
"3503","lasso_pred_a=0.1535_",0.0304618449272673,0.132314070989082,0.680324410133393,40
"3504","lasso_pred_a=0.1535_",0.0255118914398656,0.116164704998485,0.737956623303884,40
"3505","lasso_pred_a=0.1535_",0.0256637249313056,0.115039742810884,0.730590497564451,40
"3751","lasso_pred_a=0.1535_",0.0404796679174098,0.137312539065331,0.691275252917089,40
"3752","lasso_pred_a=0.1535_",0.0272029766734526,0.115330779754666,0.77668344040594,40
"3753","lasso_pred_a=0.1535_",0.0311584047817595,0.126289568996688,0.740371108872679,40
"3754","lasso_pred_a=0.1535_",0.0282110561962631,0.117848091441066,0.759864847652657,40
"3755","lasso_pred_a=0.1535_",0.026444444129119,0.113867717935594,0.785785987492045,40
"4001","lasso_pred_a=0.1535_",0.0393138541135836,0.13006972588855,0.673867196987973,40
"4002","lasso_pred_a=0.1535_",0.0208759324093046,0.0987134566026983,0.794407635730472,40
"4003","lasso_pred_a=0.1535_",0.0253107338828123,0.104102526072912,0.727150396620891,40
"4004","lasso_pred_a=0.1535_",0.0190547619481922,0.0939028834964222,0.79935615110633,40
"4005","lasso_pred_a=0.1535_",0.0220838583768169,0.102143184907885,0.771197914456806,40
"4251","lasso_pred_a=0.1535_",0.0604863498411235,0.171588741264174,0.552812462921749,40
"4252","lasso_pred_a=0.1535_",0.0237501333202799,0.10419441986426,0.790660313298245,40
"4253","lasso_pred_a=0.1535_",0.0238112784178345,0.111032151067481,0.798801439532153,40
"4254","lasso_pred_a=0.1535_",0.0245488240494807,0.110583084124361,0.801575450588878,40
"4255","lasso_pred_a=0.1535_",0.0208466053176904,0.101711890272465,0.825595136618648,40
"4501","lasso_pred_a=0.1535_",0.050839256155794,0.164807177615395,0.573856030096581,40
"4502","lasso_pred_a=0.1535_",0.0291135915111487,0.126887469368358,0.731646489138756,40
"4503","lasso_pred_a=0.1535_",0.0314822827059332,0.132153995802771,0.716254702758657,40
"4504","lasso_pred_a=0.1535_",0.0343973510351841,0.135182018170087,0.660176640714637,40
"4505","lasso_pred_a=0.1535_",0.0260596728693077,0.121552337057504,0.757708059213859,40
"4751","lasso_pred_a=0.1535_",0.0674258369208772,0.185269326811041,0.441930689868877,40
"4752","lasso_pred_a=0.1535_",0.0362374618207467,0.129131196751627,0.59152431007197,40
"4753","lasso_pred_a=0.1535_",0.0208033359233065,0.104184509805296,0.769675142632902,40
"4754","lasso_pred_a=0.1535_",0.0193085671151737,0.0991032489315437,0.791398401653761,40
"4755","lasso_pred_a=0.1535_",0.0227560042138944,0.109377565679385,0.769804574301492,40
