0.3624293	0.5391534	0.4863335	0.4868701
0.3039627	0.5293939	0.4006809	0.0000000
0.3803971	0.4949483	0.0000000	0.9920706
0.3817912	0.5110486	0.0000000	0.0000000
0.3995578	0.0000000	1.0493803	0.3451654
0.3635344	0.0000000	1.0699336	0.0000000
0.3734413	0.0000000	0.0000000	0.9231295
0.3452463	0.0000000	0.0000000	0.0000000
0.0000000	0.9721077	0.3563471	0.5160902
0.0000000	1.0162629	0.2955454	0.0000000
0.0000000	0.9889278	0.0000000	1.0820509
0.0000000	1.0152971	0.0000000	0.0000000
0.0000000	0.0000000	1.0675733	0.3686769
0.0000000	0.0000000	0.9979921	0.0000000
0.0000000	0.0000000	0.0000000	1.1187505
0.0000000	0.0000000	0.0000000	0.0000000
0.3723617	0.4459795	0.4122547	0.4735546
0.3391117	0.6395804	0.4274573	0.0000000
0.3617948	0.5612171	0.0000000	1.0501234
0.2959054	0.5061841	0.0000000	0.0000000
0.3843452	0.0000000	1.0946443	0.3427547
0.3098125	0.0000000	1.0477680	0.0000000
0.3774549	0.0000000	0.0000000	1.0937537
0.4022524	0.0000000	0.0000000	0.0000000
0.0000000	1.0424345	0.3764029	0.4390106
0.0000000	1.0033898	0.3170512	0.0000000
0.0000000	0.8877987	0.0000000	0.9453669
0.0000000	1.0515619	0.0000000	0.0000000
0.0000000	0.0000000	0.9985602	0.3491844
0.0000000	0.0000000	0.9917386	0.0024746
0.0000000	0.0000000	0.0000000	1.0193607
0.0000000	0.0000000	0.0000000	0.0000000
0.3305901	0.5359594	0.4574605	0.4686942
0.3040626	0.5288887	0.4896356	0.0000000
0.3248906	0.5444247	0.0000000	0.9961490
0.3449177	0.4819359	0.0000000	0.0000000
0.3642980	0.0000000	1.0238453	0.3818837
0.3574761	0.0000000	0.9748018	0.0000000
0.4011105	0.0000000	0.0000000	0.9229422
0.3520227	0.0000000	0.0000000	0.0000000
0.0000000	1.0102757	0.3628941	0.4914798
0.0000000	1.0586398	0.3682330	0.0000000
0.0000000	1.0210048	0.0000000	0.9886839
0.0000000	0.9683740	0.0000000	0.0000000
0.0000000	0.0000000	0.9993805	0.3590561
0.0000000	0.0000000	1.0894349	0.0000000
0.0000000	0.0000000	0.0000000	0.9731841
0.0000000	0.0000000	0.0000000	0.0000000
0.3796981	0.5676953	0.4100299	0.5052676
0.3439043	0.5503752	0.4243810	0.0000000
0.4123591	0.5560077	0.0000000	1.0022165
0.3862677	0.5116720	0.0000000	0.0000000
0.3490036	0.0000000	1.0603901	0.3622921
0.3570407	0.0000000	1.0349426	0.0000000
0.4433021	0.0000000	0.0000000	0.9804725
0.3653493	0.0000000	0.0000000	0.0000000
0.0000000	0.9453945	0.3780217	0.5309991
0.0000000	0.9831695	0.2868301	0.0000000
0.0000000	1.0037545	0.0000000	0.9688027
0.0000000	1.0183075	0.0000000	0.0000000
0.0000000	0.0000000	1.0883780	0.3177463
0.0000000	0.0000000	1.0389681	0.0000000
0.0000000	0.0000000	0.0000000	1.1000240
0.0000000	0.0000000	0.0000000	0.0000000
0.4132228	0.5107043	0.4610716	0.4580029
0.3895730	0.5335784	0.4524365	0.0000000
0.3856280	0.5550447	0.0000000	1.0111656
0.3620838	0.4823416	0.0000000	0.0000000
0.3340713	0.0000000	1.0091377	0.3802707
0.3471778	0.0000000	1.0192404	0.0000000
0.3591019	0.0000000	0.0000000	1.0237100
0.3752811	0.0000000	0.0000000	0.0000000
0.0000000	1.0561024	0.3501272	0.5406220
0.0000000	1.0193027	0.3697740	0.0000000
0.0000000	0.9766397	0.0000000	1.0748397
0.0000000	0.9885277	0.0000000	0.0000000
0.0000000	0.0000000	0.9769845	0.3164115
0.0000000	0.0000000	1.0818419	0.0000000
0.0000000	0.0000000	0.0000000	1.0792641
0.0000000	0.0000000	0.0000000	0.0000000
0.3696223	0.4857706	0.4207874	0.4790849
0.3901946	0.4967182	0.4091064	0.0000000
0.3677313	0.4590433	0.0000000	0.9646076
0.3712229	0.5490851	0.0000000	0.0000000
0.4107430	0.0000000	1.0078129	0.3857973
0.3764445	0.0000000	0.9954694	0.0000000
0.3010992	0.0000000	0.0000000	0.9488802
0.3527377	0.0000000	0.0000000	0.0000000
0.0000000	0.9696261	0.3626232	0.5927832
0.0000000	0.9782676	0.3088543	0.0000000
0.0000000	1.0553483	0.0000000	0.9762015
0.0000000	0.9802649	0.0000000	0.0000000
0.0000000	0.0000000	1.0629487	0.3421877
0.0000000	0.0000000	1.0957778	0.0000000
0.0000000	0.0000000	0.0000000	1.0899193
0.0000000	0.0000000	0.0000000	0.0000000
0.3512295	0.5198732	0.4545966	0.4874249
0.3803154	0.4704977	0.4199497	0.0000000
0.3394461	0.5344698	0.0000000	0.9360613
0.3700664	0.4723384	0.0000000	0.0000000
0.3186900	0.0000000	0.9482727	0.3209072
0.3502098	0.0000000	0.9894909	0.0000000
0.3377870	0.0000000	0.0000000	1.0828687
0.3564224	0.0000000	0.0000000	0.0000000
0.0000000	0.9760164	0.3910620	0.4932512
0.0000000	0.9920426	0.4343657	0.0000000
0.0000000	0.9706313	0.0000000	1.0706703
0.0000000	1.0786443	0.0000000	0.0000000
0.0000000	0.0000000	1.0505213	0.3532992
0.0000000	0.0000000	1.0114852	0.0000000
0.0000000	0.0000000	0.0000000	1.0474046
0.0000000	0.0000000	0.0000000	0.0000000
0.3587544	0.6364949	0.4400474	0.4669839
0.3954222	0.5873466	0.4456760	0.0000000
0.3157941	0.5332599	0.0000000	1.0575145
0.3614954	0.4637584	0.0000000	0.0000000
0.3549104	0.0000000	1.1271163	0.3602966
0.2827583	0.0000000	0.9889527	0.0000000
0.3976142	0.0000000	0.0000000	1.0986024
0.3547963	0.0000000	0.0000000	0.0000000
0.0000000	0.9439019	0.3545090	0.5305334
0.0000000	0.9659455	0.3858421	0.0000000
0.0000000	1.0391441	0.0000000	0.9263734
0.0000000	1.0174587	0.0000000	0.0000000
0.0000000	0.0000000	1.0453920	0.3879613
0.0000000	0.0000000	1.0741141	0.0000000
0.0000000	0.0000000	0.0000000	0.9732401
0.0000000	0.0000000	0.0000000	0.0000000
0.3555103	0.5795684	0.4468654	0.4650260
0.3402067	0.5236688	0.4862994	0.0000000
0.3344327	0.4778917	0.0000000	1.0531169
0.3338083	0.4847396	0.0000000	0.0000000
0.3847132	0.0000000	1.0485246	0.3376595
0.3567671	0.0000000	1.0255394	0.0000000
0.3922041	0.0000000	0.0000000	0.9474102
0.3680247	0.0000000	0.0000000	0.0000000
0.0000000	1.0247270	0.3442715	0.5594075
0.0000000	0.9978230	0.3222655	0.0000000
0.0000000	1.0201795	0.0000000	0.9454830
0.0000000	1.0582444	0.0000000	0.0000000
0.0000000	0.0000000	0.9647054	0.3473525
0.0000000	0.0000000	1.0071152	0.0000000
0.0000000	0.0000000	0.0000000	1.0151624
0.0000000	0.0000000	0.0000000	0.0000000
0.3797455	0.5165535	0.4210444	0.4265305
0.4347510	0.5061588	0.4498291	0.0000000
0.3391588	0.4773649	0.0000000	1.0021221
0.3891981	0.5095013	0.0000000	0.0000000
0.3936140	0.0000000	1.0689560	0.3781566
0.3207144	0.0000000	1.0481809	0.0000000
0.4081090	0.0000000	0.0000000	1.0431158
0.4091188	0.0000000	0.0000000	0.0000000
0.0000000	0.9830448	0.4015237	0.4511503
0.0000000	1.0349540	0.3788828	0.0000000
0.0000000	1.0378236	0.0000000	1.0038873
0.0000000	0.9315230	0.0000000	0.0000000
0.0000000	0.0000000	0.9954674	0.3384023
0.0000000	0.0000000	1.1489125	0.0000000
0.0000000	0.0000000	0.0000000	1.0011849
0.0000000	0.0000000	0.0000000	0.0000000
0.3349695	0.5143816	0.4190693	0.4071379
0.3394888	0.5154835	0.4792704	0.0000000
0.3442501	0.4896081	0.0000000	1.0183612
0.3251191	0.5161324	0.0000000	0.0000000
0.3491851	0.0000000	1.0494982	0.3766841
0.3575470	0.0012145	0.9444471	0.0000000
0.3705475	0.0000000	0.0000000	0.9727700
0.3846950	0.0000000	0.0000000	0.0000000
0.0000000	0.9319280	0.3920014	0.5219464
0.0000000	0.9998644	0.3545816	0.0000000
0.0000000	1.1012244	0.0000000	0.9826797
0.0000000	0.9424958	0.0000000	0.0000000
0.0000000	0.0000000	1.0321676	0.3534199
0.0000000	0.0000000	0.9306900	0.0000000
0.0000000	0.0000000	0.0000000	1.1527869
0.0000000	0.0000000	0.0000000	0.0000000
0.4112001	0.4642698	0.5032098	0.4444127
0.3636923	0.5238321	0.4325139	0.0000000
0.3759927	0.4697344	0.0000000	0.9869641
0.3111689	0.4986491	0.0000000	0.0000000
0.3538866	0.0000000	1.0908159	0.3655363
0.3678246	0.0000000	1.0329740	0.0000000
0.4081379	0.0000000	0.0000000	0.9700199
0.3246658	0.0000000	0.0000000	0.0000000
0.0000000	0.9547097	0.3358238	0.5121732
0.0000000	0.9897145	0.3646309	0.0000000
0.0000000	0.9247068	0.0000000	1.0495245
0.0000000	1.0446282	0.0000000	0.0000000
0.0000000	0.0000000	1.0110732	0.3708240
0.0000000	0.0000000	1.0222708	0.0000000
0.0000000	0.0000000	0.0000000	0.9986363
0.0000000	0.0000000	0.0000000	0.0000000
0.3839841	0.4833678	0.4340299	0.5066651
0.3792844	0.5807356	0.4388257	0.0006224
0.3706077	0.4697655	0.0000000	0.9719516
0.3780564	0.4568696	0.0000000	0.0000000
0.3841683	0.0000000	0.9560898	0.3816434
0.3976162	0.0000000	1.0285152	0.0000000
0.4118990	0.0000000	0.0000000	0.9550781
0.3457259	0.0000000	0.0000000	0.0000000
0.0000000	0.9981587	0.3767823	0.5474975
0.0000000	1.0741370	0.3357004	0.0000000
0.0000000	1.0745573	0.0000000	1.0351672
0.0000000	1.0026032	0.0000000	0.0000000
0.0000000	0.0000000	1.0985238	0.3889398
0.0000000	0.0000000	0.9966877	0.0000000
0.0000000	0.0000000	0.0000000	0.9162570
0.0000000	0.0000000	0.0000000	0.0000000
0.3568557	0.5168463	0.4709850	0.4350740
0.3467513	0.4580861	0.4433356	0.0000000
0.3556207	0.5109123	0.0000000	0.9575532
0.3395071	0.5444272	0.0000000	0.0000000
0.3626834	0.0000000	0.9651758	0.3965971
0.3579301	0.0000000	0.9209666	0.0000000
0.3973505	0.0000000	0.0000000	0.9803125
0.3623049	0.0000000	0.0000000	0.0000000
0.0000000	0.9644650	0.3430647	0.5708123
0.0000000	0.9966014	0.3673626	0.0000000
0.0000000	1.0454958	0.0000000	1.0128726
0.0000000	0.9974648	0.0000000	0.0000000
0.0000000	0.0000000	1.0274967	0.3832360
0.0000000	0.0000000	0.9488390	0.0000000
0.0000000	0.0000000	0.0000000	1.0831956
0.0000000	0.0000000	0.0000000	0.0000000
0.3494847	0.5197741	0.4979897	0.5007652
0.3701085	0.5184622	0.4888761	0.0000000
0.3612328	0.5291465	0.0000000	0.9234979
0.3378545	0.5295361	0.0005139	0.0000000
0.3528144	0.0000000	1.0487086	0.3367060
0.3781548	0.0000000	1.0760120	0.0000000
0.4012764	0.0000000	0.0000000	1.0533755
0.3705378	0.0000000	0.0000000	0.0000000
0.0000000	0.8888632	0.3327856	0.5438555
0.0000000	1.0790077	0.3359867	0.0000000
0.0000000	1.0093406	0.0000000	0.9368959
0.0000000	0.9221355	0.0000000	0.0000000
0.0000000	0.0000000	0.9721204	0.3437199
0.0000000	0.0000000	1.0017765	0.0000000
0.0000000	0.0000000	0.0000000	1.0577961
0.0000000	0.0000000	0.0000000	0.0000000
0.3427774	0.6002023	0.5527947	0.4580813
0.4075543	0.4563019	0.4148159	0.0000000
0.3853483	0.5242864	0.0000000	0.9156745
0.3978285	0.5350418	0.0000000	0.0000000
0.3497852	0.0000000	0.9992242	0.3817058
0.3662148	0.0000000	1.0358046	0.0000000
0.4030543	0.0000000	0.0000000	1.0451429
0.4129186	0.0000000	0.0000000	0.0000000
0.0000000	0.9742058	0.3729635	0.5284011
0.0000000	0.9704453	0.3787958	0.0000000
0.0000000	1.0766709	0.0000000	1.0523878
0.0000000	0.9519288	0.0000000	0.0000000
0.0000000	0.0000000	1.0197133	0.3874994
0.0000000	0.0000000	1.0267014	0.0000000
0.0000000	0.0000000	0.0000000	0.9757062
0.0000000	0.0000000	0.0000000	0.0000000
0.3578395	0.4785751	0.4459706	0.4805895
0.4118221	0.5724719	0.4541964	0.0000000
0.3588865	0.4851518	0.0000000	0.9758554
0.4423466	0.4702095	0.0000000	0.0000000
0.3495304	0.0000000	1.0344718	0.3883006
0.3955687	0.0000000	1.0882225	0.0000000
0.3504972	0.0000000	0.0000000	1.0772946
0.4276071	0.0000000	0.0000000	0.0000000
0.0000000	0.8931306	0.3468532	0.5790737
0.0000000	0.9302418	0.3766976	0.0000000
0.0000000	0.9991328	0.0000000	0.9964100
0.0000000	0.9994432	0.0000000	0.0000000
0.0000000	0.0000000	1.0217836	0.2867348
0.0000000	0.0000000	1.0514324	0.0000000
0.0000000	0.0000000	0.0000000	1.0025942
0.0000000	0.0000000	0.0000000	0.0000000
0.4047227	0.4625387	0.4530278	0.4577777
0.3411190	0.5290694	0.4196126	0.0000000
0.4119341	0.5275731	0.0000000	1.0616651
0.4073436	0.4743145	0.0000000	0.0000000
0.3378514	0.0000000	1.0852802	0.3442624
0.3241073	0.0000000	1.0355519	0.0000000
0.3771416	0.0000000	0.0000000	1.0096074
0.3952744	0.0000000	0.0000000	0.0000000
0.0000000	0.9574294	0.3455454	0.5364347
0.0000000	1.0609483	0.3395792	0.0000000
0.0000000	0.9706590	0.0000000	1.0191097
0.0000000	0.8917998	0.0000000	0.0000000
0.0000000	0.0000000	1.0651211	0.2978391
0.0000000	0.0000000	1.0177311	0.0000000
0.0000000	0.0000000	0.0000000	1.0315505
0.0000000	0.0000000	0.0000000	0.0000000
0.3424028	0.6056436	0.4100392	0.4588211
0.3631243	0.5690129	0.4212250	0.0000000
0.3964846	0.4692665	0.0000000	1.0093045
0.4115210	0.5503527	0.0000000	0.0000000
0.4006251	0.0000000	1.1061969	0.3512433
0.3427969	0.0000000	0.9675374	0.0000000
0.3465394	0.0000000	0.0000000	0.9720475
0.4285139	0.0000000	0.0000000	0.0000000
0.0000000	0.9632099	0.3459143	0.5194463
0.0000000	1.0597995	0.3972231	0.0000000
0.0000000	0.9566723	0.0000000	0.9664823
0.0000000	0.9727117	0.0000000	0.0000000
0.0000000	0.0000000	1.0627648	0.3036611
0.0000000	0.0000000	1.0799591	0.0000000
0.0000000	0.0000000	0.0000000	1.0682716
0.0000000	0.0000000	0.0000000	0.0000000
0.4297629	0.5436961	0.5261516	0.4452842
0.3967102	0.5415369	0.4756633	0.0000000
0.3610999	0.4325589	0.0000000	1.0088675
0.3292665	0.5156295	0.0000000	0.0000000
0.4276988	0.0000000	0.9443630	0.3160880
0.3632728	0.0000000	1.0157373	0.0000000
0.3683914	0.0000000	0.0000000	1.0075448
0.3649556	0.0000000	0.0000000	0.0000000
0.0000000	1.0417792	0.3475544	0.4309734
0.0000000	1.0815029	0.3541611	0.0000000
0.0000000	1.0379349	0.0000000	1.0319568
0.0000000	0.9982181	0.0000000	0.0000000
0.0000000	0.0000000	1.0344600	0.3797762
0.0000000	0.0000000	1.0559477	0.0000000
0.0000000	0.0000000	0.0000000	0.9812850
0.0000000	0.0000000	0.0000000	0.0000000
0.4075353	0.5510634	0.4740020	0.3682045
0.3505587	0.4983120	0.4916449	0.0000000
0.3558510	0.5117956	0.0000000	0.9295328
0.4209279	0.5290358	0.0000000	0.0000000
0.3846859	0.0000000	1.0770242	0.3179740
0.3482057	0.0000000	1.0362167	0.0000000
0.3274441	0.0000000	0.0000000	0.9750622
0.4271138	0.0000000	0.0000000	0.0000000
0.0000000	0.9638338	0.3751813	0.4849494
0.0000000	0.9830361	0.3820755	0.0000000
0.0000000	1.0588235	0.0000000	1.0591596
0.0000000	1.0271030	0.0000000	0.0000000
0.0000000	0.0000000	0.9542750	0.3024573
0.0000000	0.0000000	0.9200744	0.0000000
0.0000000	0.0000000	0.0000000	1.0847507
0.0000000	0.0000000	0.0000000	0.0000000
0.3921207	0.4837102	0.4554179	0.3997957
0.3945086	0.4879943	0.4540849	0.0000000
0.3763317	0.5313327	0.0000000	1.0421859
0.4349853	0.5264958	0.0000000	0.0000000
0.3776355	0.0000000	0.9939671	0.3737076
0.3786731	0.0000000	0.9621221	0.0000000
0.3774093	0.0000000	0.0000000	0.9852901
0.4031509	0.0000000	0.0000000	0.0000000
0.0000000	1.1185272	0.3343426	0.5462653
0.0000000	1.0193440	0.4101964	0.0000000
0.0000000	0.9875777	0.0000000	0.9667292
0.0000000	1.0465828	0.0000000	0.0000000
0.0000000	0.0000000	1.0103430	0.3478956
0.0000000	0.0000000	1.0094411	0.0000000
0.0000000	0.0000000	0.0000000	1.0251635
0.0000000	0.0000000	0.0000000	0.0000000
0.3764355	0.5533511	0.4534869	0.4627813
0.3878810	0.5748225	0.4412158	0.0000000
0.3900015	0.5212848	0.0000000	0.9982050
0.3851889	0.5132688	0.0000000	0.0000000
0.3519074	0.0000000	1.0339509	0.3213739
0.3494466	0.0000000	1.0951661	0.0000000
0.3538206	0.0000000	0.0000000	0.9705228
0.3606245	0.0000000	0.0000000	0.0000000
0.0000000	1.0125254	0.3457381	0.5368922
0.0000000	1.1367521	0.3471632	0.0000000
0.0000000	0.9336399	0.0000000	1.0744256
0.0000000	0.9741441	0.0000000	0.0000000
0.0000000	0.0000000	1.0423793	0.3444086
0.0000000	0.0000000	1.0134154	0.0000000
0.0000000	0.0000000	0.0000000	0.9642314
0.0000000	0.0000000	0.0000000	0.0000000
0.4041240	0.5393049	0.4097202	0.5350799
0.3591480	0.4352955	0.4378789	0.0000000
0.3522387	0.5180840	0.0000000	1.0943581
0.4234526	0.4626723	0.0000000	0.0000000
0.4108567	0.0000000	0.9903364	0.3937163
0.3205635	0.0000000	0.9211328	0.0000000
0.3672879	0.0000000	0.0000000	0.9487287
0.3461804	0.0000000	0.0000000	0.0000000
0.0000000	0.9526420	0.3408712	0.4748065
0.0000000	0.9979877	0.3296564	0.0000000
0.0000000	1.0490512	0.0000000	1.0779688
0.0000000	1.0067456	0.0000000	0.0000000
0.0000000	0.0000000	1.0492492	0.3205649
0.0000000	0.0000000	1.0371826	0.0000000
0.0000000	0.0000000	0.0000000	1.0002544
0.0000000	0.0000000	0.0000000	0.0000000
0.4165763	0.5009347	0.4555321	0.5689728
0.4142646	0.5270261	0.4712656	0.0000000
0.3762478	0.5138020	0.0000000	1.0698999
0.4086906	0.4645092	0.0000000	0.0000000
0.4012631	0.0000000	1.0236842	0.3945576
0.3952295	0.0000000	0.9659279	0.0000000
0.4220810	0.0000000	0.0000000	0.9819685
0.4241108	0.0000000	0.0000000	0.0000000
0.0000000	1.0201139	0.3339145	0.5181260
0.0000000	0.9625531	0.3472303	0.0000000
0.0000000	0.9498826	0.0000000	1.0428547
0.0000000	1.1100284	0.0000000	0.0000000
0.0000000	0.0000000	1.0155556	0.3703923
0.0000000	0.0000000	1.0812602	0.0000000
0.0000000	0.0000000	0.0000000	0.9221444
0.0000000	0.0000000	0.0000000	0.0000000
0.4019926	0.4708502	0.4627922	0.4247422
0.3749873	0.4621007	0.4118057	0.0000000
0.3762041	0.5342129	0.0000000	0.9569193
0.3754919	0.5459128	0.0000000	0.0000000
0.3713329	0.0000000	0.9442650	0.3711441
0.4219369	0.0000000	1.0905085	0.0000000
0.3694030	0.0000000	0.0000000	1.0885320
0.4233295	0.0000000	0.0000000	0.0000000
0.0000000	1.0225248	0.3530454	0.5252216
0.0000000	0.9724119	0.3620551	0.0000000
0.0000000	0.9953044	0.0000000	1.0516529
0.0000000	0.9614143	0.0000000	0.0000000
0.0000000	0.0000000	0.9874419	0.3666695
0.0000000	0.0000000	1.0745892	0.0000000
0.0000000	0.0000000	0.0000000	0.9921840
0.0000000	0.0000000	0.0000000	0.0000000
0.3710891	0.4840813	0.4317873	0.4978834
0.4358708	0.5318188	0.4010911	0.0000000
0.3783276	0.5476871	0.0000000	0.9685834
0.4059328	0.5308001	0.0000000	0.0000000
0.4194632	0.0000000	0.9734314	0.3892625
0.3757254	0.0000000	0.9514144	0.0000000
0.4136291	0.0000000	0.0000000	1.0284570
0.3612056	0.0000000	0.0000000	0.0000000
0.0000000	1.0376839	0.3473567	0.5016864
0.0000000	1.0499521	0.3196867	0.0000000
0.0000000	0.9871094	0.0000000	0.9768656
0.0000000	1.0521315	0.0030629	0.0000000
0.0000000	0.0000000	1.0063898	0.2956601
0.0000000	0.0000000	0.9833947	0.0000000
0.0000000	0.0000000	0.0000000	0.9821221
0.0000000	0.0000000	0.0000000	0.0000000
0.3839461	0.5589636	0.4795607	0.4990641
0.3630843	0.5086149	0.4777860	0.0000000
0.3921689	0.4957142	0.0000000	1.0642430
0.4091332	0.5345273	0.0000000	0.0000000
0.3610997	0.0000000	1.0035123	0.4264802
0.3683303	0.0000000	1.0754951	0.0000000
0.3804126	0.0000000	0.0000000	1.0735098
0.3620776	0.0000000	0.0000000	0.0000000
0.0000000	1.0393070	0.3397690	0.5328393
0.0000000	0.9972237	0.3340199	0.0000000
0.0000000	1.0208437	0.0000000	1.0722889
0.0000000	1.0907180	0.0000000	0.0000000
0.0000000	0.0000000	0.9299887	0.3517722
0.0000000	0.0000000	0.9536964	0.0000000
0.0000000	0.0000000	0.0000000	1.0553815
0.0000000	0.0000000	0.0000000	0.0000000
0.4232858	0.4689095	0.4165655	0.5203847
0.4793807	0.4971322	0.4898704	0.0000000
0.3943682	0.5771392	0.0000000	1.0048738
0.4050026	0.5056500	0.0000000	0.0000000
0.3528347	0.0000000	0.9867085	0.3817003
0.4315507	0.0000000	1.0476540	0.0000000
0.4220461	0.0000000	0.0000000	0.9782550
0.4229116	0.0000000	0.0000000	0.0000000
0.0000000	1.0167027	0.3684159	0.5411312
0.0000000	1.0538466	0.3722993	0.0000000
0.0000000	1.0387359	0.0000000	0.9817076
0.0000000	0.9539661	0.0000000	0.0000000
0.0000000	0.0000000	0.9856612	0.3662388
0.0000000	0.0000000	0.9974591	0.0000000
0.0000000	0.0000000	0.0000000	0.9586320
0.0000000	0.0000000	0.0000000	0.0000000
0.4182304	0.4858401	0.4464882	0.4765375
0.4502499	0.5217202	0.4693152	0.0000000
0.3687469	0.5435229	0.0000000	1.0302195
0.3864578	0.4700606	0.0000000	0.0000000
0.4024714	0.0000000	1.0244053	0.3594906
0.3791465	0.0000000	0.9339545	0.0000000
0.3663107	0.0000000	0.0000000	0.9386402
0.4106685	0.0000000	0.0000000	0.0000000
0.0000000	1.0360079	0.3328408	0.5734573
0.0000000	1.0469722	0.3662852	0.0000000
0.0000000	1.0331972	0.0000000	0.9957007
0.0000000	1.0105126	0.0000000	0.0000000
0.0000000	0.0000000	1.0109817	0.3970525
0.0000000	0.0000000	0.9920986	0.0000000
0.0000000	0.0000000	0.0000000	1.0416692
0.0000000	0.0000000	0.0000000	0.0000000
0.3477031	0.5319271	0.4655490	0.4631173
0.3813734	0.4954461	0.4598564	0.0000000
0.3931505	0.4577840	0.0000000	1.0438791
0.3699665	0.4646330	0.0000000	0.0000000
0.3517711	0.0000000	0.9844058	0.3430479
0.3806525	0.0000000	1.0263365	0.0000000
0.3496159	0.0000000	0.0000000	1.0252017
0.3485823	0.0000000	0.0000000	0.0000000
0.0000000	1.0099189	0.3527490	0.5082019
0.0000000	1.0685960	0.3036407	0.0000000
0.0000000	1.0190542	0.0000000	0.9739573
0.0000000	0.9406570	0.0000000	0.0000000
0.0000000	0.0000000	1.0563931	0.3798571
0.0000000	0.0000000	1.0288155	0.0000000
0.0000000	0.0000000	0.0000000	0.9743270
0.0000000	0.0000000	0.0000000	0.0000000
0.4064150	0.4538191	0.5770725	0.4328319
0.4084965	0.5215225	0.4865094	0.0000000
0.3861590	0.4408829	0.0000000	0.9764251
0.4624509	0.4415861	0.0000000	0.0000000
0.4289977	0.0000000	1.0339352	0.3763310
0.3651520	0.0000000	0.9855401	0.0000000
0.3856759	0.0000000	0.0000000	1.0375440
0.3928529	0.0000000	0.0000000	0.0000000
0.0000000	1.0635551	0.3849152	0.4350368
0.0000000	1.0527130	0.3405764	0.0000000
0.0000000	0.9754365	0.0000000	1.0397189
0.0000000	0.9808887	0.0000000	0.0000000
0.0000000	0.0000000	1.0185459	0.3778584
0.0000000	0.0000000	1.0172407	0.0000000
0.0000000	0.0000000	0.0000000	1.0236434
0.0000000	0.0000000	0.0000000	0.0000000
0.3665552	0.4847564	0.4345272	0.4988699
0.4289070	0.4838517	0.4949071	0.0000000
0.4221957	0.5053113	0.0000000	1.0124248
0.3984876	0.4648362	0.0000000	0.0000000
0.3576513	0.0000000	0.9367159	0.3456972
0.4681876	0.0000000	1.0085284	0.0000000
0.4094137	0.0000000	0.0000000	0.9841562
0.3679778	0.0000000	0.0000000	0.0000000
0.0000000	0.9502347	0.3804030	0.4205049
0.0000000	1.0082296	0.3453686	0.0000000
0.0000000	0.9798005	0.0000000	0.9199227
0.0023955	1.0119047	0.0000000	0.0000000
0.0000000	0.0000000	1.0274537	0.3523136
0.0000000	0.0000000	1.0605888	0.0000000
0.0000000	0.0000000	0.0000000	0.9563503
0.0000000	0.0000000	0.0000000	0.0000000
0.4269105	0.5160569	0.4387045	0.4781471
0.3442917	0.5174723	0.4776202	0.0000000
0.4220187	0.5868672	0.0000000	1.0945107
0.3973510	0.4591537	0.0000000	0.0000000
0.3539658	0.0000000	1.0058327	0.3805648
0.3767640	0.0000000	0.9713710	0.0000000
0.3933371	0.0000000	0.0000000	0.9870365
0.3737472	0.0000000	0.0000000	0.0000000
0.0000000	1.0049693	0.3054225	0.4825361
0.0000000	1.0509475	0.3706500	0.0000000
0.0000000	0.9453612	0.0000000	0.9796852
0.0000000	0.9526228	0.0000000	0.0000000
0.0000000	0.0000000	0.9477199	0.3562582
0.0000000	0.0000000	1.0139162	0.0000000
0.0000000	0.0000000	0.0000000	1.0306799
0.0000000	0.0000000	0.0000000	0.0000000
0.3809065	0.5188080	0.4580161	0.4683951
0.4045630	0.5367276	0.4906130	0.0000000
0.4015807	0.4177401	0.0000000	0.9134825
0.4481037	0.4057482	0.0000000	0.0000000
0.3943512	0.0000000	0.9236806	0.3667157
0.4503525	0.0000000	1.0024445	0.0000000
0.4156177	0.0000000	0.0000000	1.0027071
0.4315088	0.0000000	0.0000000	0.0000000
0.0000000	0.9217472	0.3824434	0.5765590
0.0000000	1.0279119	0.3362390	0.0000000
0.0000000	1.0031722	0.0000000	1.0593723
0.0000000	0.8908401	0.0000000	0.0000000
0.0000000	0.0000000	1.0409708	0.3034409
0.0000000	0.0000000	0.9176310	0.0000000
0.0000000	0.0000000	0.0000000	1.0794774
0.0000000	0.0000000	0.0000000	0.0000000
0.4521585	0.5361636	0.5170884	0.4430201
0.4187076	0.4942175	0.5125818	0.0000000
0.4298726	0.5221386	0.0000000	1.1262421
0.4659119	0.4573349	0.0000000	0.0000000
0.3933781	0.0000000	0.9947518	0.3267632
0.4081465	0.0000000	1.0347525	0.0000000
0.4770205	0.0000000	0.0000000	1.0058308
0.3878755	0.0000000	0.0000000	0.0000000
0.0000000	1.0437431	0.3712535	0.5207770
0.0000000	0.9795501	0.3339042	0.0000000
0.0000000	1.0132201	0.0000000	0.9708614
0.0000000	0.9754369	0.0000000	0.0000000
0.0000000	0.0000000	0.9693766	0.3094637
0.0000000	0.0000000	1.0187410	0.0000000
0.0000000	0.0000000	0.0000000	1.0696477
0.0000000	0.0000000	0.0000000	0.0000000
0.4203989	0.4936983	0.4539032	0.4579853
0.4053292	0.4711654	0.3972884	0.0000000
0.4678217	0.5274755	0.0000000	0.9746900
0.4012856	0.5675762	0.0000000	0.0000000
0.3323788	0.0000000	1.0800339	0.3761901
0.3575614	0.0000000	0.9629315	0.0000000
0.4083320	0.0000000	0.0000000	0.9841122
0.4428790	0.0000000	0.0000000	0.0000000
0.0000000	1.0613938	0.3034739	0.5047915
0.0000000	1.0957610	0.3741515	0.0000000
0.0000000	0.9630629	0.0000000	0.9872454
0.0000000	1.0728291	0.0000000	0.0000000
0.0000000	0.0000000	1.0470463	0.3511095
0.0000000	0.0000000	1.0440864	0.0000000
0.0000000	0.0000000	0.0000000	0.8704295
0.0000000	0.0000000	0.0000000	0.0000000
0.3737370	0.5608129	0.4627645	0.4434538
0.3771679	0.4991525	0.4509822	0.0000000
0.4324062	0.4672194	0.0000000	0.9931808
0.4941086	0.5127944	0.0000000	0.0000000
0.4660982	0.0000000	1.0370653	0.3743278
0.4570650	0.0000000	1.0760540	0.0000000
0.4539456	0.0000000	0.0000000	1.0385332
0.4182412	0.0000000	0.0000000	0.0000000
0.0000000	1.0584811	0.3090920	0.4333081
0.0000000	0.9643641	0.3560777	0.0000000
0.0000000	1.0371364	0.0000000	1.0978972
0.0000000	0.9432081	0.0000000	0.0000000
0.0000000	0.0000000	1.0392928	0.3296274
0.0000000	0.0000000	0.9706370	0.0000000
0.0000000	0.0000000	0.0000000	1.0082276
0.0000000	0.0000000	0.0000000	0.0000000
0.4488509	0.5604242	0.4465770	0.3862964
0.4284645	0.4574857	0.4069392	0.0000000
0.4187816	0.4898901	0.0000000	1.0257764
0.3885962	0.4376854	0.0000000	0.0000000
0.4190449	0.0000000	0.9955208	0.3838448
0.4208633	0.0000000	1.0022319	0.0000000
0.4166445	0.0000000	0.0000000	1.0115449
0.4211294	0.0000000	0.0000000	0.0000000
0.0000000	0.9394959	0.3649262	0.5453654
0.0000000	1.0209131	0.3678277	0.0000000
0.0000000	1.0641286	0.0000000	0.9439603
0.0000000	1.0237727	0.0000000	0.0000000
0.0000000	0.0000000	1.0015483	0.3712582
0.0000000	0.0000000	0.9939027	0.0000000
0.0000000	0.0000000	0.0000000	0.9978440
0.0000000	0.0000000	0.0000000	0.0000000
0.4156770	0.5384629	0.4613681	0.4534095
0.4281331	0.4372382	0.4893849	0.0000000
0.3988984	0.4436370	0.0000000	1.0350875
0.4239001	0.4870916	0.0000000	0.0000000
0.4555701	0.0000000	0.9436214	0.3166202
0.3944151	0.0000000	1.0397469	0.0000000
0.3939801	0.0000000	0.0000000	1.1127429
0.3926724	0.0000000	0.0000000	0.0000000
0.0000000	0.9730512	0.3693512	0.5254532
0.0000000	0.9527303	0.3504342	0.0000000
0.0000000	1.0103210	0.0000000	0.9980896
0.0000000	1.0241404	0.0033723	0.0000000
0.0000000	0.0000000	1.0384869	0.3435102
0.0000000	0.0000000	1.1096555	0.0000000
0.0000000	0.0000000	0.0000000	1.0581646
0.0000000	0.0000000	0.0000000	0.0000000
0.3948435	0.4994661	0.4209970	0.5154489
0.3833318	0.5489625	0.4579284	0.0000000
0.3900096	0.5091188	0.0000000	0.9558752
0.4348633	0.4272927	0.0000000	0.0000000
0.3985833	0.0000000	1.0294363	0.3843061
0.4791476	0.0000000	1.0114496	0.0000000
0.4005181	0.0000000	0.0000000	0.9768821
0.4179173	0.0000000	0.0000000	0.0000000
0.0000000	1.0100790	0.3434296	0.5577410
0.0000000	1.0302024	0.3575470	0.0000000
0.0000000	1.0925661	0.0000000	1.0346694
0.0000000	0.9449074	0.0000000	0.0000000
0.0000000	0.0000000	0.8639361	0.3249373
0.0000000	0.0000000	1.0765377	0.0000000
0.0000000	0.0000000	0.0000000	1.0150369
0.0000000	0.0000000	0.0000000	0.0000000
0.4715027	0.4560176	0.4471848	0.5567181
0.4905452	0.4816399	0.4476769	0.0000000
0.4654243	0.4248013	0.0000000	0.9790009
0.4386442	0.4709041	0.0000000	0.0000000
0.4062938	0.0000000	1.0919237	0.3847132
0.4986743	0.0000000	0.9800361	0.0000000
0.3867986	0.0000000	0.0000000	1.0713331
0.4690552	0.0000000	0.0000000	0.0000000
0.0000000	1.0246533	0.3081122	0.5362019
0.0000000	1.0105952	0.3996266	0.0000000
0.0000000	1.0550771	0.0000000	1.0215404
0.0000000	1.0294016	0.0000000	0.0000000
0.0000000	0.0000000	1.0258785	0.3346386
0.0000000	0.0000000	1.0029638	0.0000000
0.0000000	0.0000000	0.0000000	0.9696053
0.0000000	0.0000000	0.0000000	0.0000000
0.4097468	0.4975754	0.5159632	0.4647345
0.4268828	0.4548448	0.4493752	0.0000000
0.4683873	0.5069785	0.0000000	0.9533899
0.4317912	0.4952676	0.0000000	0.0000000
0.3835653	0.0000000	1.0294782	0.4012456
0.4553938	0.0000000	0.9675576	0.0000000
0.4235037	0.0000000	0.0000000	1.0327021
0.4257485	0.0000000	0.0000000	0.0000000
0.0000000	0.9522034	0.3678269	0.5114974
0.0000000	0.9448881	0.3403178	0.0000000
0.0000000	0.9948461	0.0000000	0.9532706
0.0000000	1.0629777	0.0000000	0.0000000
0.0000000	0.0000000	0.9271414	0.3297392
0.0000000	0.0000000	1.0588123	0.0000000
0.0000000	0.0000000	0.0000000	0.9561420
0.0000000	0.0000000	0.0000000	0.0000000
0.4302441	0.4660272	0.4571810	0.4870525
0.4331253	0.5358068	0.4880530	0.0000000
0.4495126	0.4579042	0.0000000	1.0596418
0.4536373	0.4950808	0.0000000	0.0000000
0.4100698	0.0000000	1.0462675	0.3136244
0.5022118	0.0000000	1.0768712	0.0000000
0.4382720	0.0000000	0.0000000	0.9450074
0.4550979	0.0000000	0.0000000	0.0000000
0.0000000	1.0947815	0.3723871	0.5056160
0.0000000	1.0190873	0.3537863	0.0000000
0.0000000	0.9920544	0.0000000	1.0333125
0.0000000	1.0068356	0.0000000	0.0000000
0.0000000	0.0000000	1.0679614	0.3630730
0.0000000	0.0000000	0.9300639	0.0000000
0.0000000	0.0000000	0.0000000	0.9784691
0.0000000	0.0000000	0.0000000	0.0000000
0.4267917	0.5016211	0.4734434	0.4034245
0.3926362	0.5664630	0.4916288	0.0000000
0.4571943	0.5053100	0.0000000	0.9984471
0.4534265	0.5089559	0.0000000	0.0000000
0.4837712	0.0000000	1.0343028	0.3956044
0.3905364	0.0000000	0.9360908	0.0000000
0.4561714	0.0000000	0.0000000	0.9478270
0.4346839	0.0000000	0.0000000	0.0000000
0.0000000	1.0168088	0.3556041	0.4782134
0.0000000	1.0504613	0.3791049	0.0000000
0.0000000	0.9849971	0.0000000	1.1321067
0.0000000	1.0245763	0.0000000	0.0000000
0.0000000	0.0000000	1.0098381	0.3171306
0.0000000	0.0000000	1.0240676	0.0000000
0.0000000	0.0000000	0.0000000	1.0170638
0.0000000	0.0000000	0.0000000	0.0000000
0.4263080	0.5074780	0.4735806	0.4602223
0.4156806	0.4780348	0.4997369	0.0000000
0.4077897	0.4557412	0.0000000	0.9867158
0.4882374	0.4669993	0.0000000	0.0000000
0.4368833	0.0000000	1.0102665	0.3446905
0.3903627	0.0000000	0.9317716	0.0000000
0.4026745	0.0000000	0.0000000	1.0302113
0.4604679	0.0000000	0.0000000	0.0000000
0.0000000	0.9203917	0.2965836	0.5015727
0.0000000	1.0415963	0.3001098	0.0000000
0.0000000	0.9803055	0.0000000	0.9775912
0.0000000	0.9893792	0.0000000	0.0000000
0.0000000	0.0000000	1.0035851	0.3781296
0.0000000	0.0000000	1.0564685	0.0000000
0.0000000	0.0000000	0.0000000	0.9660436
0.0000000	0.0000000	0.0000000	0.0000000
0.3896196	0.5015544	0.4163079	0.5020089
0.4382792	0.4619316	0.4261061	0.0000000
0.4097782	0.4650260	0.0000000	1.0078713
0.4981672	0.4194668	0.0000000	0.0000000
0.4682352	0.0000000	1.0241951	0.3633475
0.4291490	0.0000000	0.9887901	0.0000000
0.4509993	0.0000000	0.0000000	1.0523853
0.4322891	0.0000000	0.0000000	0.0000000
0.0000000	0.9445175	0.3518060	0.5264435
0.0000000	0.9446441	0.3654276	0.0000000
0.0000000	1.0531148	0.0000000	1.0182752
0.0000000	0.9943169	0.0000000	0.0000000
0.0000000	0.0000000	1.0095196	0.3564575
0.0000000	0.0000000	1.0250084	0.0000000
0.0000000	0.0000000	0.0000000	1.0013258
0.0000000	0.0000000	0.0000000	0.0000000
0.5133157	0.4286995	0.4272795	0.4218369
0.4795423	0.4846736	0.4661832	0.0000000
0.4521532	0.4128868	0.0000000	0.9942738
0.3668980	0.4512084	0.0000000	0.0000000
0.4341901	0.0000000	0.9964161	0.3860952
0.4535610	0.0000000	1.0293401	0.0000000
0.5263996	0.0000000	0.0000000	1.0263331
0.4663503	0.0000000	0.0000000	0.0000000
0.0000000	1.0034737	0.3451810	0.4904745
0.0000000	0.9829651	0.3833060	0.0000000
0.0000000	1.1127044	0.0000000	1.0178517
0.0000000	0.9743374	0.0000000	0.0000000
0.0000000	0.0000000	1.0455525	0.3667942
0.0000000	0.0000000	1.0450751	0.0000000
0.0000000	0.0000000	0.0000000	0.9683207
0.0000000	0.0000000	0.0000000	0.0000000
0.4195956	0.4823124	0.4811834	0.4394294
0.4549391	0.5645828	0.4828553	0.0000000
0.4366035	0.4845024	0.0000000	1.1048581
0.4064172	0.4694455	0.0000000	0.0000000
0.4337312	0.0000000	1.0739884	0.3422803
0.5085794	0.0000000	0.9452625	0.0000000
0.4037060	0.0000000	0.0000000	0.9641141
0.4342470	0.0000000	0.0000000	0.0000000
0.0000000	0.9491822	0.3477467	0.4792039
0.0000000	0.9386977	0.3665142	0.0000000
0.0000000	1.0351478	0.0000000	1.0948597
0.0000000	1.0994899	0.0000000	0.0000000
0.0000000	0.0000000	1.0302309	0.3600537
0.0000000	0.0000000	1.0485931	0.0000000
0.0000000	0.0088595	0.0000000	1.0643441
0.0000000	0.0000000	0.0000000	0.0000000
0.4298516	0.4612379	0.5222664	0.4722399
0.4247644	0.5323198	0.5088091	0.0000000
0.3965691	0.4928539	0.0000000	0.9658588
0.4303810	0.3764302	0.0000000	0.0000000
0.3984029	0.0000000	0.9742272	0.3312960
0.4465564	0.0000000	1.0342918	0.0000000
0.4551118	0.0000000	0.0000000	0.9786543
0.4683461	0.0000000	0.0000000	0.0000000
0.0000000	0.9895321	0.3395711	0.5268396
0.0000000	0.9869340	0.3453143	0.0000000
0.0000000	0.9937717	0.0000000	1.0849091
0.0000000	0.9981228	0.0000000	0.0000000
0.0000000	0.0000000	1.0581846	0.3187199
0.0000000	0.0000000	0.9847896	0.0000000
0.0000000	0.0000000	0.0000000	0.9235160
0.0000000	0.0000000	0.0000000	0.0000000
0.4164508	0.5123232	0.4256886	0.5201972
0.4671738	0.4894389	0.3897456	0.0000000
0.4261288	0.4069329	0.0000000	1.0404885
0.4074092	0.5202401	0.0000000	0.0000000
0.4878026	0.0000000	1.0787938	0.3592477
0.4951313	0.0000000	0.9797351	0.0000000
0.5338160	0.0000000	0.0000000	1.0163665
0.3876576	0.0000000	0.0000000	0.0000000
0.0000000	1.0803868	0.3957755	0.4971883
0.0000000	1.0029038	0.3413991	0.0000000
0.0000000	0.9940506	0.0000000	0.9766069
0.0000000	1.0620422	0.0000000	0.0000000
0.0000000	0.0000000	1.0274960	0.3434488
0.0000000	0.0000000	1.0140772	0.0000000
0.0000000	0.0000000	0.0000000	1.0084444
0.0000000	0.0000000	0.0000000	0.0000000
0.4762852	0.4697036	0.4139600	0.5149230
0.3993154	0.3920355	0.5025978	0.0000000
0.4528835	0.4107166	0.0000000	1.0925157
0.4894142	0.5000253	0.0000000	0.0000000
0.4392994	0.0000000	1.0466035	0.2827439
0.5244205	0.0000000	0.9784667	0.0000000
0.4954003	0.0000000	0.0000000	0.9513150
0.4596872	0.0000000	0.0000000	0.0000000
0.0000000	1.0474674	0.3504442	0.4894728
0.0000000	0.9741819	0.4147157	0.0000000
0.0000000	1.0373265	0.0000000	0.9753804
0.0000000	1.0753570	0.0000000	0.0000000
0.0000000	0.0000000	0.9274861	0.3914215
0.0000000	0.0000000	0.9738727	0.0000000
0.0000000	0.0000000	0.0000000	0.9882071
0.0000000	0.0000000	0.0000000	0.0000000
0.4654940	0.4960192	0.4693331	0.4303996
0.4524551	0.4467875	0.4238325	0.0000000
0.4564095	0.3977978	0.0000000	0.9890466
0.4531070	0.4697618	0.0000000	0.0000000
0.4671970	0.0000000	1.1301617	0.3555368
0.4572803	0.0000000	0.9564494	0.0000000
0.4906875	0.0000000	0.0000000	1.0226058
0.4547856	0.0000000	0.0000000	0.0000000
0.0000000	0.9467270	0.3461403	0.4572004
0.0000000	1.1188474	0.2940090	0.0000000
0.0000000	0.9750613	0.0000000	1.0383308
0.0000000	0.9991318	0.0000000	0.0000000
0.0000000	0.0000000	0.9558045	0.3667390
0.0000000	0.0000000	0.9738038	0.0000000
0.0000000	0.0000000	0.0000000	0.9867174
0.0000000	0.0000000	0.0000000	0.0000000
0.4306027	0.5004476	0.5460995	0.4801630
0.4793486	0.4722783	0.4767430	0.0000000
0.4408131	0.4535310	0.0000000	1.0641017
0.5246040	0.4468606	0.0000000	0.0000000
0.4827188	0.0000000	1.0106316	0.4159991
0.4576137	0.0000000	1.0034611	0.0000000
0.4593944	0.0000000	0.0008620	0.9363948
0.4519082	0.0000000	0.0000000	0.0000000
0.0000000	1.0027965	0.3850616	0.5030959
0.0000000	0.9832275	0.3742888	0.0000000
0.0000000	0.9933717	0.0000000	1.0288530
0.0000000	1.0501854	0.0000000	0.0000000
0.0000000	0.0000000	1.0283783	0.4069836
0.0000000	0.0000000	1.0388218	0.0000000
0.0000000	0.0000000	0.0000000	0.9643810
0.0000000	0.0000000	0.0000000	0.0000000
0.4838095	0.4571840	0.4871249	0.4251972
0.4695866	0.5314913	0.4809426	0.0000000
0.5050276	0.4839014	0.0000000	1.0151084
0.4993886	0.4003796	0.0000000	0.0000000
0.3628332	0.0000000	1.0185617	0.3249593
0.4484656	0.0000000	1.0130193	0.0000000
0.4972250	0.0011806	0.0000000	0.9562070
0.4807097	0.0000000	0.0000000	0.0000000
0.0000000	1.0392826	0.3621060	0.5449119
0.0000000	0.9692323	0.3495844	0.0000000
0.0000000	0.9190680	0.0000000	0.9641760
0.0000000	0.9512599	0.0000000	0.0000000
0.0000000	0.0000000	1.0412258	0.3619660
0.0000000	0.0000000	0.9850279	0.0000000
0.0000000	0.0000000	0.0000000	1.0644363
0.0000000	0.0000000	0.0000000	0.0000000
0.4642691	0.4990961	0.5456483	0.4580792
0.4738196	0.4854038	0.4426315	0.0000000
0.5388083	0.3815652	0.0000000	1.0470210
0.4942148	0.4327570	0.0000000	0.0000000
0.4865203	0.0000000	0.9875127	0.3379763
0.5391533	0.0000000	0.9718107	0.0000000
0.5745724	0.0000000	0.0000000	0.9325856
0.5185837	0.0000000	0.0000000	0.0000000
0.0000000	0.9869803	0.3750127	0.5195324
0.0000000	0.9226378	0.3307018	0.0000000
0.0000000	1.0283931	0.0000000	1.0628356
0.0000000	0.9873406	0.0000000	0.0000000
0.0000000	0.0000000	1.0649363	0.2954687
0.0000000	0.0000000	0.9436266	0.0000000
0.0000000	0.0000000	0.0000000	1.0338641
0.0000000	0.0000000	0.0000000	0.0000000
0.4567726	0.5033008	0.4420417	0.4445282
0.4908824	0.4739934	0.4407993	0.0000000
0.4064823	0.4466211	0.0000000	1.0580238
0.4498220	0.4617151	0.0000000	0.0000000
0.4943640	0.0000000	1.0472289	0.3897001
0.4429991	0.0000000	1.0551249	0.0000000
0.4171506	0.0000000	0.0000000	1.0385948
0.4443386	0.0000000	0.0000000	0.0000000
0.0000000	0.9217107	0.3901532	0.4918046
0.0000000	0.9423745	0.3888582	0.0000000
0.0000000	1.0570370	0.0000000	1.0109051
0.0000000	1.0868580	0.0000000	0.0000000
0.0000000	0.0000000	1.0242465	0.2900269
0.0000000	0.0000000	1.0079192	0.0000000
0.0000000	0.0000000	0.0000000	1.0015858
0.0000000	0.0000000	0.0000000	0.0000000
0.4786708	0.5036180	0.4590749	0.4664941
0.4419452	0.4379209	0.5486685	0.0000000
0.4322807	0.4593812	0.0000000	1.0079091
0.4786213	0.4427367	0.0000000	0.0000000
0.5849145	0.0000000	1.0479155	0.3130474
0.4792245	0.0000000	1.0269651	0.0000000
0.5426850	0.0000000	0.0000000	1.0187291
0.5455159	0.0000000	0.0000000	0.0000000
0.0000000	1.0403697	0.3939317	0.4754319
0.0000000	0.9707044	0.4028441	0.0000000
0.0000000	1.0324251	0.0000000	0.9635030
0.0000000	1.0479348	0.0000000	0.0000000
0.0000000	0.0000000	0.9674120	0.3025122
0.0000000	0.0000000	1.1479902	0.0000000
0.0000000	0.0000000	0.0000000	0.9557997
0.0000000	0.0000000	0.0000000	0.0000000
0.4322009	0.4320106	0.4245153	0.4592334
0.5041994	0.4329896	0.5259171	0.0000000
0.5063047	0.4534246	0.0000000	1.0135175
0.4963902	0.4485517	0.0000000	0.0000000
0.4838862	0.0000000	1.0567987	0.3657560
0.4710211	0.0000000	0.9983479	0.0000000
0.4455196	0.0000000	0.0000000	1.0165076
0.3780375	0.0000000	0.0000000	0.0000000
0.0000000	1.0412555	0.3724366	0.5229498
0.0000000	1.0285810	0.2981134	0.0000000
0.0000000	1.0526315	0.0000000	0.9527950
0.0000000	1.0415551	0.0000000	0.0000000
0.0000000	0.0000000	0.9454254	0.3556923
0.0000000	0.0000000	1.0603119	0.0000000
0.0000000	0.0000000	0.0000000	1.0408051
0.0000000	0.0000000	0.0000000	0.0000000
0.5428149	0.5171572	0.5095955	0.4396446
0.5548128	0.5012755	0.3956508	0.0000000
0.4992654	0.4464485	0.0000000	1.0072213
0.4275690	0.4676961	0.0000000	0.0000000
0.4827558	0.0000000	1.0518497	0.3748800
0.4701538	0.0000000	1.0304361	0.0000000
0.4204968	0.0000000	0.0000000	1.1785956
0.5274356	0.0000000	0.0000000	0.0000000
0.0000000	0.9987338	0.3728541	0.5188468
0.0000000	0.9366844	0.3920322	0.0000000
0.0000000	0.9829197	0.0000000	0.9849164
0.0000000	1.0358362	0.0000000	0.0000000
0.0000000	0.0000000	0.9499300	0.3550888
0.0000000	0.0000000	0.9812115	0.0000000
0.0000000	0.0000000	0.0000000	1.0660177
0.0000000	0.0000000	0.0000000	0.0000000
0.5308858	0.4622024	0.4487948	0.4650784
0.4971394	0.4395051	0.4487651	0.0000000
0.4655532	0.4373434	0.0000000	1.0066328
0.4565981	0.4353785	0.0000000	0.0000000
0.5232275	0.0000000	0.9674070	0.3586594
0.4600961	0.0000000	0.9336306	0.0000000
0.5386437	0.0000000	0.0000000	0.9633085
0.4325957	0.0000000	0.0000000	0.0000000
0.0000000	1.0339039	0.3994815	0.5339376
0.0000000	0.9997431	0.2994176	0.0000000
0.0000000	1.0163353	0.0000000	0.9836999
0.0000000	0.9421175	0.0000000	0.0000000
0.0000000	0.0000000	1.0181485	0.3853549
0.0000000	0.0000000	0.9409298	0.0000000
0.0000000	0.0000000	0.0000000	1.0568881
0.0000000	0.0000000	0.0000000	0.0000000
0.4735625	0.3862663	0.4871841	0.4695858
0.5167434	0.4833469	0.4118983	0.0000000
0.5260715	0.4351634	0.0000000	0.9673236
0.4719624	0.4400404	0.0000000	0.0000000
0.5647140	0.0000000	0.9658834	0.4046338
0.4656814	0.0000000	0.9556578	0.0000000
0.4590575	0.0000000	0.0000000	0.9561748
0.5726284	0.0000000	0.0000000	0.0000000
0.0000000	0.9939971	0.3829456	0.5048505
0.0000000	0.9977500	0.3368890	0.0000000
0.0000000	1.0263933	0.0000000	0.9972873
0.0000000	1.0646500	0.0000000	0.0000000
0.0000000	0.0000000	1.0120826	0.3492801
0.0000000	0.0000000	1.1114621	0.0000000
0.0000000	0.0000000	0.0000000	0.9792689
0.0000000	0.0000000	0.0000000	0.0000000
0.4797800	0.4596173	0.4714846	0.4553461
0.5462021	0.4181546	0.5491070	0.0000000
0.4363322	0.4541401	0.0000000	1.0450539
0.4985985	0.4892568	0.0000000	0.0000000
0.4950823	0.0000000	1.0053690	0.2995070
0.4484328	0.0000000	1.0530083	0.0000000
0.5170777	0.0000000	0.0000000	0.9279471
0.4691966	0.0000000	0.0000000	0.0000000
0.0000000	1.0148870	0.3219964	0.5453179
0.0000000	0.9632016	0.3182570	0.0000000
0.0000000	1.0758022	0.0000000	0.9463575
0.0000000	1.0357525	0.0000000	0.0000000
0.0000000	0.0000000	1.1519550	0.3567356
0.0000000	0.0000000	1.0546637	0.0000000
0.0000000	0.0000000	0.0000000	1.1308412
0.0000000	0.0000000	0.0000000	0.0000000
0.4977575	0.4536551	0.5019342	0.4114594
0.5111096	0.4442261	0.4384797	0.0000000
0.4783658	0.4451255	0.0000000	1.0374671
0.5555558	0.3885320	0.0000000	0.0000000
0.5023548	0.0000000	1.0721791	0.3802657
0.5025758	0.0000000	0.9524084	0.0000000
0.4480127	0.0000000	0.0000000	0.9483263
0.5465474	0.0000000	0.0000000	0.0000000
0.0000000	1.0443654	0.3506958	0.5583699
0.0000000	1.0624963	0.3398007	0.0000000
0.0000000	0.9792565	0.0000000	1.0531238
0.0000000	1.0084391	0.0000000	0.0000000
0.0000000	0.0000000	1.0253730	0.3262592
0.0000000	0.0000000	0.9460310	0.0000000
0.0000000	0.0000000	0.0000000	1.0793917
0.0000000	0.0000000	0.0000000	0.0000000
0.4623303	0.4238971	0.4699425	0.4680353
0.5127869	0.4966716	0.4337269	0.0000000
0.4395392	0.4190664	0.0000000	0.9665593
0.5434995	0.4613902	0.0000000	0.0000000
0.5452186	0.0000000	1.0437737	0.3284210
0.5145259	0.0000000	1.0139641	0.0000000
0.4850596	0.0000000	0.0000000	0.9926146
0.4876395	0.0000000	0.0000000	0.0000000
0.0000000	0.9507097	0.3689859	0.4930253
0.0000000	1.0919960	0.3113192	0.0000000
0.0000000	0.9990639	0.0000000	1.0496916
0.0000000	1.0191352	0.0000000	0.0000000
0.0000000	0.0000000	1.0386749	0.3632286
0.0000000	0.0000000	1.0034832	0.0000000
0.0000000	0.0000000	0.0000000	1.0852831
0.0000000	0.0000000	0.0000000	0.0000000
0.5259518	0.5325869	0.4437965	0.4752805
0.4827609	0.3972469	0.4619554	0.0000000
0.4514615	0.4492687	0.0000000	0.9881952
0.5317854	0.4226385	0.0000000	0.0000000
0.5224349	0.0000000	1.0531275	0.3753241
0.5545429	0.0000000	1.0062751	0.0000000
0.5295887	0.0000000	0.0000000	1.0048142
0.5067857	0.0000000	0.0000000	0.0000000
0.0000000	0.9513774	0.3270364	0.4547815
0.0000000	1.1070611	0.3676214	0.0000000
0.0000000	1.0247263	0.0000000	0.9920367
0.0000000	0.9930078	0.0000000	0.0000000
0.0000000	0.0000000	0.9736186	0.3675995
0.0000000	0.0000000	1.0438593	0.0000000
0.0000000	0.0000000	0.0000000	0.9877088
0.0000000	0.0000000	0.0000000	0.0000000
0.5489456	0.4819782	0.4274358	0.4044932
0.5158785	0.4401699	0.4256358	0.0000000
0.5147515	0.4293616	0.0000000	1.0679874
0.4759153	0.4994581	0.0000000	0.0000000
0.5548051	0.0000000	0.9974092	0.3529015
0.5333125	0.0000000	0.9619410	0.0000000
0.5192721	0.0000000	0.0000000	1.0247708
0.5470139	0.0000000	0.0000000	0.0000000
0.0000000	1.0067960	0.3827622	0.6029586
0.0000000	1.0135821	0.3621803	0.0000000
0.0000000	1.0693141	0.0000000	0.9518623
0.0010396	0.9975393	0.0000000	0.0000000
0.0000000	0.0000000	0.9418831	0.3807602
0.0000000	0.0000000	0.9693707	0.0000000
0.0000000	0.0000000	0.0000000	1.0621815
0.0000000	0.0000000	0.0000000	0.0000000
0.6037653	0.4226367	0.5246557	0.4186874
0.5196588	0.4659435	0.5433800	0.0000000
0.5336447	0.4227987	0.0000000	1.0005216
0.5985851	0.4280600	0.0000000	0.0000000
0.5896282	0.0000000	1.0887083	0.3447762
0.5009672	0.0000000	0.9868759	0.0000000
0.5195812	0.0000000	0.0000000	1.0214520
0.4619793	0.0000000	0.0000000	0.0000000
0.0000000	0.9580773	0.2932039	0.5074137
0.0000000	1.0989612	0.3269933	0.0000000
0.0000000	0.9708506	0.0000000	1.0436931
0.0000000	0.9815245	0.0000000	0.0000000
0.0000000	0.0000000	1.0803505	0.3588198
0.0000000	0.0000000	0.9450838	0.0000000
0.0000000	0.0000000	0.0000000	0.9293282
0.0000000	0.0000000	0.0000000	0.0000000
0.5175152	0.4346794	0.4818733	0.4409537
0.5103212	0.5217894	0.5040563	0.0000000
0.5634080	0.4554044	0.0000000	0.9145102
0.4930197	0.4142906	0.0000000	0.0000000
0.4844140	0.0000000	0.9639829	0.3568386
0.5401732	0.0000000	1.0138812	0.0000000
0.5002378	0.0000000	0.0000000	1.0116590
0.5612788	0.0000000	0.0000000	0.0000000
0.0000000	1.0428588	0.3376773	0.4776281
0.0000000	0.9978663	0.3020525	0.0000000
0.0000000	1.0427533	0.0000000	0.9738962
0.0000000	1.0419607	0.0000000	0.0000000
0.0000000	0.0000000	0.9252729	0.3436857
0.0000000	0.0000000	0.9456084	0.0000000
0.0000000	0.0000000	0.0000000	1.0454278
0.0000000	0.0000000	0.0000000	0.0000000
0.5820135	0.4657129	0.4760954	0.4433048
0.5148930	0.4762635	0.5381479	0.0000000
0.5753382	0.4567090	0.0000000	1.0801186
0.5293393	0.3477148	0.0000000	0.0000000
0.4771142	0.0000000	1.0071019	0.3608264
0.5317160	0.0000000	0.9575686	0.0000000
0.5298224	0.0000000	0.0000000	0.9922772
0.5231810	0.0000000	0.0000000	0.0000000
0.0000000	0.9763838	0.3579227	0.5791423
0.0000000	0.9791106	0.3761451	0.0000000
0.0000000	1.0263805	0.0000000	1.0335654
0.0000000	1.0631215	0.0000000	0.0000000
0.0000000	0.0000000	1.0354835	0.3741856
0.0000000	0.0000000	1.0913043	0.0000000
0.0000000	0.0000000	0.0000000	1.0531687
0.0000000	0.0000000	0.0000000	0.0000000
0.5275719	0.5661380	0.4947684	0.4343987
0.5519548	0.4384398	0.4646929	0.0000000
0.5646400	0.3805764	0.0000000	0.9812168
0.5269010	0.4420040	0.0000000	0.0000000
0.6431753	0.0000000	0.9160072	0.3535825
0.6069694	0.0000000	0.9949973	0.0000000
0.5731818	0.0000000	0.0000000	1.0328022
0.4739260	0.0000000	0.0000000	0.0000000
0.0000000	1.0342883	0.3255177	0.4761018
0.0000000	0.9868650	0.3119904	0.0000000
0.0000000	0.9686779	0.0000000	0.9974133
0.0000000	0.9883566	0.0000000	0.0000000
0.0000000	0.0000000	0.9832253	0.3093923
0.0000000	0.0000000	0.9506273	0.0000000
0.0000000	0.0000000	0.0000000	0.9771413
0.0000000	0.0000000	0.0000000	0.0000000
0.5611827	0.4552741	0.4767579	0.4360310
0.4228160	0.4684372	0.5108976	0.0000000
0.4996039	0.4451137	0.0000000	1.0185751
0.5791122	0.4133402	0.0000000	0.0000000
0.6147161	0.0000000	0.9846314	0.3114743
0.5098300	0.0000000	0.9411264	0.0000000
0.5592914	0.0000000	0.0000000	1.0710543
0.5674751	0.0000000	0.0000000	0.0000000
0.0000000	0.9317032	0.2566327	0.4952263
0.0000000	0.9818972	0.3487189	0.0000000
0.0000000	1.0902292	0.0000000	1.0429635
0.0000000	1.0681341	0.0000000	0.0000000
0.0000000	0.0000000	1.0577407	0.4027590
0.0000000	0.0000000	1.0184596	0.0000000
0.0000000	0.0000000	0.0000000	1.0253477
0.0000000	0.0000000	0.0000000	0.0000000
0.5534364	0.3994798	0.4828257	0.4768604
0.6188532	0.4195185	0.4985988	0.0000000
0.5440119	0.4222080	0.0000000	0.9279264
0.5470661	0.3985385	0.0024394	0.0000000
0.5743532	0.0000000	1.0246191	0.3476728
0.6377564	0.0000000	1.0130009	0.0000000
0.5967376	0.0000000	0.0000000	1.0023537
0.5074350	0.0000000	0.0000000	0.0000000
0.0000000	1.0491596	0.3618761	0.5690725
0.0000000	0.9902827	0.3243308	0.0000000
0.0000000	0.9243213	0.0000000	1.0576172
0.0000000	1.0349275	0.0000000	0.0000000
0.0000000	0.0000000	0.9515053	0.3328351
0.0000000	0.0000000	0.9998582	0.0000000
0.0000000	0.0000000	0.0000000	0.9954947
0.0000000	0.0000000	0.0000000	0.0000000
0.5944000	0.4286834	0.4494574	0.4333232
0.5344858	0.3735548	0.4544749	0.0000000
0.6722029	0.4234194	0.0000000	1.0533689
0.5886611	0.4414978	0.0000000	0.0000000
0.5835304	0.0000000	1.0226419	0.3219842
0.5825992	0.0000000	0.9946399	0.0000000
0.5442827	0.0000000	0.0000000	0.9715640
0.5023998	0.0000000	0.0000000	0.0000000
0.0000000	1.0027212	0.3656243	0.5184728
0.0000000	1.0042330	0.3718845	0.0000000
0.0000000	1.0266307	0.0000000	0.9317182
0.0000000	0.9712131	0.0000000	0.0000000
0.0000000	0.0000000	1.0301837	0.3809861
0.0000000	0.0000000	1.0416229	0.0000000
0.0000000	0.0000000	0.0000000	0.9757990
0.0000000	0.0000000	0.0000000	0.0000000
0.5781962	0.4510192	0.4617824	0.4851640
0.5696276	0.4383541	0.5050500	0.0000000
0.5397718	0.4601885	0.0000000	1.0030075
0.5616724	0.4115266	0.0000000	0.0000000
0.4941270	0.0000000	1.1376597	0.3000489
0.5846444	0.0000000	1.0813237	0.0000000
0.5332170	0.0000000	0.0000000	0.9402705
0.5957356	0.0000000	0.0000000	0.0000000
0.0000000	0.9881179	0.3537409	0.5211382
0.0000000	0.9773253	0.3315510	0.0000000
0.0000000	0.9399621	0.0000000	1.0253155
0.0000000	1.0459356	0.0000000	0.0000000
0.0000000	0.0000000	0.9800096	0.3152860
0.0000000	0.0000000	0.9952089	0.0000000
0.0000000	0.0000000	0.0000000	1.0465481
0.0000000	0.0000000	0.0000000	0.0000000
0.5613406	0.4850723	0.4532756	0.4782476
0.5659111	0.4479737	0.4539291	0.0000000
0.6422637	0.4357797	0.0000000	1.0752659
0.6192951	0.3640184	0.0000000	0.0000000
0.6691578	0.0000000	1.0432620	0.3719078
0.6451837	0.0000000	1.0756248	0.0000000
0.5949871	0.0000000	0.0000000	0.9667994
0.6081033	0.0000000	0.0000000	0.0000000
0.0000000	1.0302771	0.3332910	0.5042089
0.0000000	0.9253846	0.3775926	0.0000000
0.0000000	1.0526333	0.0000000	0.9734690
0.0000000	1.0011865	0.0000000	0.0000000
0.0000000	0.0000000	0.9850480	0.3641710
0.0000000	0.0000000	1.0342914	0.0000000
0.0000000	0.0000000	0.0000000	1.0602398
0.0000000	0.0000000	0.0000000	0.0000000
0.5643779	0.4589520	0.4459503	0.4279872
0.5553377	0.3918250	0.5119058	0.0000000
0.6060332	0.3998257	0.0000000	1.1005752
0.6791153	0.4970629	0.0000000	0.0000000
0.7027319	0.0000000	0.9948642	0.3575654
0.6029916	0.0000000	1.0362557	0.0000000
0.5866424	0.0000000	0.0000000	1.0129167
0.5839589	0.0000000	0.0000000	0.0000000
0.0000000	0.9801118	0.3492545	0.5448461
0.0000000	1.0932177	0.3689138	0.0000000
0.0000000	1.0537781	0.0000000	1.0000862
0.0000000	0.9509814	0.0000000	0.0000000
0.0000000	0.0000000	0.9984099	0.3559796
0.0000000	0.0000000	1.0102647	0.0000000
0.0000000	0.0000000	0.0000000	1.0199326
0.0000000	0.0000000	0.0000000	0.0000000
0.5804423	0.4501879	0.5919721	0.5006946
0.5321009	0.4199931	0.4692838	0.0000000
0.5391038	0.4232515	0.0000000	1.0450211
0.6180892	0.4021421	0.0000000	0.0000000
0.6457087	0.0000000	1.0816439	0.3171331
0.6457626	0.0000000	1.0542505	0.0000000
0.5899526	0.0000000	0.0000000	1.0296254
0.5495483	0.0000000	0.0000000	0.0000000
0.0000000	1.0077089	0.3945034	0.5121055
0.0000000	1.0401203	0.3730220	0.0000000
0.0000000	1.0567360	0.0000000	0.9976915
0.0000000	1.0255227	0.0000000	0.0000000
0.0000000	0.0000000	1.0197695	0.3403221
0.0000000	0.0000000	1.0417772	0.0000000
0.0000000	0.0000000	0.0000000	1.0146371
0.0000000	0.0000000	0.0000000	0.0000000
0.6357936	0.3840580	0.5441737	0.4457092
0.5958666	0.3901048	0.4347966	0.0000000
0.6380069	0.3807832	0.0002985	1.0688743
0.6589906	0.3876219	0.0000000	0.0000000
0.5529158	0.0000000	0.8977030	0.3201406
0.5381568	0.0000000	1.0848599	0.0000000
0.6089997	0.0000000	0.0000000	1.0168115
0.6833183	0.0000000	0.0000000	0.0000000
0.0000000	1.0281451	0.3576938	0.5179227
0.0000000	1.0145576	0.3588116	0.0000000
0.0000000	0.9105789	0.0000000	1.0741315
0.0000000	1.0291159	0.0000000	0.0000000
0.0000000	0.0000000	1.0557057	0.3452230
0.0000000	0.0000000	1.0363106	0.0000000
0.0000000	0.0000000	0.0000000	0.9230853
0.0000000	0.0000000	0.0000000	0.0000000
0.6295231	0.3745281	0.4953199	0.4055721
0.6527010	0.3968081	0.5082840	0.0000000
0.6031403	0.4080244	0.0000000	0.9693961
0.6337117	0.4156285	0.0000000	0.0000000
0.6335014	0.0000000	1.0666429	0.3493733
0.6583300	0.0000000	1.0329415	0.0000000
0.5529443	0.0000000	0.0000000	1.0262682
0.5692099	0.0000000	0.0000000	0.0000000
0.0000000	0.9851632	0.3378833	0.5105981
0.0000000	0.9746949	0.4113711	0.0000000
0.0000000	1.0923781	0.0000000	0.9645855
0.0000000	0.9159415	0.0000000	0.0000000
0.0000000	0.0000000	1.1077446	0.3471095
0.0000000	0.0000000	1.0646900	0.0000000
0.0000000	0.0000000	0.0000000	1.1350355
0.0000000	0.0000000	0.0000000	0.0000000
0.6593307	0.4402042	0.4707421	0.5147992
0.5940299	0.4185809	0.5128767	0.0000000
0.7484170	0.3899051	0.0000000	1.0100066
0.5976103	0.3991244	0.0000000	0.0000000
0.7594392	0.0000000	1.0389152	0.2946182
0.6626347	0.0000000	0.9987404	0.0000000
0.6333292	0.0000000	0.0000000	1.0342351
0.6757769	0.0000000	0.0000000	0.0000000
0.0000000	0.9201221	0.3506435	0.6112502
0.0000000	1.0006731	0.3507804	0.0000000
0.0000000	1.0510909	0.0000000	1.0082280
0.0000000	1.0255134	0.0000000	0.0000000
0.0000000	0.0000000	1.0731351	0.4049600
0.0000000	0.0000000	0.9812209	0.0000000
0.0000000	0.0000000	0.0000000	1.0773878
0.0000000	0.0013384	0.0000000	0.0000000
0.6455865	0.4311613	0.5057587	0.4035667
0.7071791	0.4377303	0.4899497	0.0000000
0.7252388	0.4089840	0.0000000	0.9169730
0.6676523	0.3965346	0.0000000	0.0000000
0.5886058	0.0000000	1.1234034	0.3423821
0.6728403	0.0000000	0.9452401	0.0000000
0.6325231	0.0000000	0.0000000	1.0014868
0.6035618	0.0000000	0.0000000	0.0000000
0.0000000	0.9615101	0.3329535	0.5242412
0.0000000	1.0641377	0.3734463	0.0000000
0.0000000	1.0337726	0.0000000	1.1040637
0.0000000	1.0935380	0.0000000	0.0000000
0.0000000	0.0000000	0.9394975	0.3437191
0.0000000	0.0000000	0.8881480	0.0000000
0.0000000	0.0000000	0.0000000	0.9691494
0.0000000	0.0000000	0.0000000	0.0000000
0.6943181	0.4311113	0.5260250	0.4177223
0.6812134	0.4298646	0.4388196	0.0000000
0.7024259	0.3810476	0.0000000	1.0099509
0.5627059	0.4305863	0.0000000	0.0000000
0.6382946	0.0000000	1.0683116	0.3517309
0.6434153	0.0000000	0.9697254	0.0000000
0.6085948	0.0000000	0.0000000	1.0089854
0.6380592	0.0000000	0.0000000	0.0000000
0.0000000	1.1137743	0.3511341	0.5513670
0.0000000	0.9680221	0.3907062	0.0000000
0.0000000	1.0726887	0.0000000	1.0592142
0.0000000	1.0245043	0.0000000	0.0000000
0.0000000	0.0000000	0.9167112	0.3679595
0.0000000	0.0000000	0.9121949	0.0000000
0.0000000	0.0000000	0.0000000	0.9727650
0.0000000	0.0000000	0.0000000	0.0000000
0.6663469	0.3612018	0.4622822	0.4030413
0.6613563	0.4199499	0.5225643	0.0000000
0.7439916	0.3699142	0.0000000	1.1159019
0.6972680	0.3614781	0.0000000	0.0000000
0.6565574	0.0000000	0.9632570	0.3808028
0.6626612	0.0000000	1.0121847	0.0000000
0.6510219	0.0000000	0.0000000	1.0606331
0.6618466	0.0000000	0.0000000	0.0000000
0.0000000	0.9931579	0.3555926	0.5399170
0.0000000	0.9604134	0.3586705	0.0000000
0.0000000	1.0269034	0.0000000	1.0066536
0.0000000	0.9893547	0.0000000	0.0000000
0.0000000	0.0000000	1.0353722	0.3317179
0.0000000	0.0000000	0.9470906	0.0000000
0.0000000	0.0000000	0.0000000	1.0108317
0.0000000	0.0000000	0.0000000	0.0000000
0.8323381	0.3909024	0.5572615	0.4603429
0.6767509	0.4504723	0.5266523	0.0000000
0.7148935	0.4171609	0.0000000	1.0188854
0.7575477	0.3994920	0.0000000	0.0000000
0.7536924	0.0000000	0.9387188	0.3576799
0.6916971	0.0000000	1.0921926	0.0000000
0.7690810	0.0000000	0.0000000	1.0628746
0.7838828	0.0000000	0.0000000	0.0000000
0.0000000	0.9488811	0.3246392	0.5258174
0.0000000	1.0570248	0.2966334	0.0000000
0.0000000	1.0395294	0.0000000	1.0549758
0.0000000	1.0477247	0.0000000	0.0000000
0.0000000	0.0000000	1.0818786	0.3678357
0.0000000	0.0000000	0.9332680	0.0000000
0.0000000	0.0000000	0.0000000	1.0146903
0.0000000	0.0000000	0.0000000	0.0000000
0.6701078	0.3985138	0.5084108	0.5123595
0.8071921	0.3902154	0.5392168	0.0000000
0.8069662	0.3745926	0.0000000	1.0026539
0.6529691	0.4568516	0.0000000	0.0000000
0.6946585	0.0000000	1.0792527	0.3551718
0.6359353	0.0000000	1.0386534	0.0000000
0.7672700	0.0000000	0.0000000	1.0268426
0.7224814	0.0000000	0.0000000	0.0000000
0.0000000	1.0223427	0.3861357	0.4939627
0.0000000	1.0255733	0.4192569	0.0000000
0.0000000	1.0179719	0.0000000	1.0287680
0.0000000	0.9393603	0.0000000	0.0000000
0.0000000	0.0000000	1.0744980	0.3420607
0.0000000	0.0000000	1.0951527	0.0000000
0.0000000	0.0000000	0.0000000	1.0249225
0.0000000	0.0000000	0.0000000	0.0000000
0.6799094	0.3521091	0.5163683	0.4324236
0.7401118	0.4057438	0.4947913	0.0000000
0.6949347	0.4172707	0.0000000	1.0412971
0.7530532	0.3680703	0.0000000	0.0000000
0.7435833	0.0000000	0.9863162	0.4144056
0.8298360	0.0000000	0.9520817	0.0000000
0.7394994	0.0000000	0.0000000	0.9373738
0.7473558	0.0000000	0.0000000	0.0000000
0.0000000	1.0288084	0.3179525	0.4930149
0.0000000	0.9809610	0.3697698	0.0000000
0.0000000	0.8890564	0.0000000	0.9611078
0.0031648	1.0141477	0.0000000	0.0000000
0.0000000	0.0000000	1.0721763	0.3959868
0.0000000	0.0000000	0.9255637	0.0000000
0.0000000	0.0000000	0.0000000	0.9367953
0.0000000	0.0000000	0.0000000	0.0000000
0.6676055	0.4236048	0.5123769	0.4369790
0.7680419	0.4084199	0.5511112	0.0000000
0.7636387	0.4091188	0.0000000	0.9509764
0.6950690	0.3762449	0.0000000	0.0000000
0.7554610	0.0000000	1.0238331	0.3656253
0.7066609	0.0000000	1.0605982	0.0000000
0.6285992	0.0000000	0.0000000	1.0651986
0.7640696	0.0000000	0.0000000	0.0000000
0.0000000	0.9563370	0.3937585	0.4742464
0.0000000	1.0999033	0.3811094	0.0000000
0.0000000	0.9482861	0.0000000	0.9222405
0.0030607	1.0583658	0.0000000	0.0000000
0.0000000	0.0000000	0.9773928	0.3074350
0.0000000	0.0000000	1.0504704	0.0000000
0.0000000	0.0000000	0.0000000	1.0167831
0.0000000	0.0000000	0.0000000	0.0000000
0.8415077	0.3902998	0.5003928	0.4823635
0.7526441	0.3505689	0.5727274	0.0000000
0.7232858	0.3789666	0.0000000	1.0345208
0.7918568	0.4085731	0.0000000	0.0000000
0.8864125	0.0000000	1.0087191	0.3259399
0.6949467	0.0000000	1.0373177	0.0000000
0.6777606	0.0000000	0.0000000	0.9398645
0.7916204	0.0000000	0.0000000	0.0000000
0.0000000	0.9677633	0.4039198	0.4337224
0.0000000	1.0208373	0.3364599	0.0000000
0.0000000	0.9568907	0.0000000	0.9686205
0.0000000	1.1009405	0.0000000	0.0000000
0.0000000	0.0000000	1.0203263	0.3599707
0.0000000	0.0000000	1.0438550	0.0000000
0.0000000	0.0000000	0.0000000	1.0297708
0.0000000	0.0000000	0.0000000	0.0000000
0.8246611	0.4096703	0.4436825	0.5237197
0.7916409	0.3565908	0.5040580	0.0000000
0.6940064	0.4652090	0.0000000	1.0758117
0.8425537	0.3710718	0.0000000	0.0000000
0.6857235	0.0000000	1.0900220	0.3918488
0.7844697	0.0000000	1.0212559	0.0000000
0.7543476	0.0000000	0.0000000	1.0607547
0.6213388	0.0000000	0.0000000	0.0000000
0.0000000	1.0511757	0.3354846	0.4189812
0.0000000	1.0892590	0.3687718	0.0000000
0.0000000	1.0496975	0.0000000	1.0202704
0.0000000	1.0113023	0.0000000	0.0000000
0.0000000	0.0000000	1.1059584	0.3665504
0.0000000	0.0000000	0.9167741	0.0000000
0.0000000	0.0000000	0.0000000	1.0763285
0.0000000	0.0000000	0.0000000	0.0000000
0.8867951	0.3267340	0.4977835	0.4932350
0.8654144	0.3749649	0.5650024	0.0000000
0.7527676	0.3983042	0.0000000	0.9715485
0.7138214	0.4052474	0.0000000	0.0000000
0.7777518	0.0000000	0.9383485	0.3134361
0.7793468	0.0000000	0.9638488	0.0000000
0.7859681	0.0000000	0.0000000	0.9962923
0.8312965	0.0000000	0.0000000	0.0000000
0.0000000	0.9680736	0.3086325	0.5578920
0.0000000	1.1186304	0.3622984	0.0000000
0.0000000	1.0127199	0.0000000	0.9675353
0.0000000	1.0413133	0.0000000	0.0000000
0.0000000	0.0000000	0.9630790	0.3084591
0.0000000	0.0000000	1.0705290	0.0000000
0.0000000	0.0000000	0.0000000	1.0430298
0.0000000	0.0000000	0.0000000	0.0000000
0.7786942	0.4044110	0.5135350	0.4884654
0.8106064	0.3548695	0.5992218	0.0000000
0.7742630	0.3277715	0.0000000	0.9673692
0.9159026	0.3798271	0.0000000	0.0000000
0.8032118	0.0000000	1.0392248	0.3323193
0.8184829	0.0000000	0.8657768	0.0000000
0.8330387	0.0000000	0.0000000	0.9305301
0.6688959	0.0000000	0.0000000	0.0000000
0.0000000	0.9831744	0.3811122	0.5089956
0.0000000	0.9907955	0.3382386	0.0000000
0.0000000	1.0393654	0.0000000	0.9191841
0.0000000	1.0439760	0.0000000	0.0000000
0.0000000	0.0000000	0.9990224	0.4040101
0.0000000	0.0000000	1.0249951	0.0000000
0.0000000	0.0000000	0.0000000	0.9513076
0.0000000	0.0000000	0.0000000	0.0000000
0.8822207	0.4175443	0.5363922	0.4784505
0.7928554	0.3522896	0.5216178	0.0000000
0.7751444	0.4103776	0.0000000	1.0105847
0.8086096	0.3615788	0.0000000	0.0000000
0.7582412	0.0000000	0.9813180	0.3343736
0.7737747	0.0000000	1.0651602	0.0000000
0.7626684	0.0000000	0.0000000	1.0052077
0.7496323	0.0000000	0.0000000	0.0000000
0.0000000	1.1037752	0.3222680	0.5862942
0.0000000	0.9924781	0.2996444	0.0000000
0.0000000	0.9810794	0.0000000	0.9135813
0.0000000	1.0526526	0.0000000	0.0000000
0.0000000	0.0000000	1.0491753	0.3918300
0.0000000	0.0000000	0.9671953	0.0000000
0.0000000	0.0000000	0.0000000	1.0066663
0.0000000	0.0000000	0.0000000	0.0000000
0.8311910	0.4285737	0.5027345	0.4674419
0.8794061	0.3576571	0.4980247	0.0000000
0.8708794	0.3953831	0.0000000	0.9576477
0.8872916	0.3905990	0.0000000	0.0000000
0.9028698	0.0000000	0.9819896	0.3818068
0.8556462	0.0000000	1.0963962	0.0000000
0.8977957	0.0000000	0.0000000	1.0297540
0.9537165	0.0000000	0.0000000	0.0000000
0.0000000	1.0930703	0.3319115	0.5329068
0.0000000	1.0859094	0.3614715	0.0000000
0.0000000	1.0262541	0.0000000	0.9545095
0.0000000	1.0086683	0.0000000	0.0000000
0.0000000	0.0000000	0.9579697	0.4173075
0.0000000	0.0000000	0.9820571	0.0000000
0.0000000	0.0000000	0.0000000	0.9766763
0.0000000	0.0000000	0.0000000	0.0000000
0.8829175	0.3461766	0.4789490	0.4321706
0.7986396	0.3865917	0.5317935	0.0000000
0.8344226	0.3557935	0.0000000	1.0289671
0.8727004	0.3919461	0.0000000	0.0000000
0.8597575	0.0000000	1.0419282	0.3570827
0.8318906	0.0000000	1.0919422	0.0000000
0.8515908	0.0000000	0.0000000	1.1441606
0.9564264	0.0000000	0.0000000	0.0000000
0.0000000	1.0199977	0.3938702	0.5016945
0.0000000	1.0248258	0.3808266	0.0000000
0.0000000	1.0529781	0.0000000	1.0225612
0.0000000	1.0515634	0.0000000	0.0000000
0.0000000	0.0000000	0.9770071	0.4090727
0.0000000	0.0000000	0.9533482	0.0000000
0.0000000	0.0000000	0.0000000	1.0395045
0.0000000	0.0000000	0.0000000	0.0000000
0.9128001	0.3069041	0.5013002	0.4517285
0.8675597	0.3638755	0.4988218	0.0000000
0.8937571	0.3623255	0.0000000	1.0040659
0.8241804	0.3575324	0.0000000	0.0000000
0.9333375	0.0000000	1.0397298	0.3819185
0.9416885	0.0005945	0.9797492	0.0000000
0.9662623	0.0000000	0.0000000	1.0876223
0.9331291	0.0000000	0.0000000	0.0000000
0.0000000	1.0964820	0.3498238	0.5343300
0.0000000	0.9396776	0.3664642	0.0000000
0.0000000	0.9848488	0.0000000	0.9934932
0.0000000	0.9693873	0.0000000	0.0000000
0.0000000	0.0000000	0.9997480	0.3895141
0.0000000	0.0000000	0.9546159	0.0000000
0.0000000	0.0000000	0.0000000	1.0119431
0.0000000	0.0000000	0.0000000	0.0000000
0.9201062	0.3888730	0.5414822	0.4725076
0.9300783	0.4291622	0.5959419	0.0000000
0.9474122	0.3891709	0.0000000	0.9333792
0.8892107	0.3316338	0.0000000	0.0000000
0.9286248	0.0000000	1.0606229	0.3513226
0.9109552	0.0000000	1.0468962	0.0000000
0.7986311	0.0000000	0.0000000	0.9622479
0.9258215	0.0000000	0.0000000	0.0000000
0.0000000	1.0210784	0.3802711	0.5065972
0.0000000	0.9816058	0.3106323	0.0000000
0.0000000	1.0630487	0.0000000	1.0168650
0.0000000	0.9898992	0.0000000	0.0000000
0.0000000	0.0000000	1.0057350	0.3738475
0.0000000	0.0000000	1.0771572	0.0000000
0.0000000	0.0000000	0.0000000	1.0154567
0.0000000	0.0000000	0.0000000	0.0000000
0.9300563	0.2912891	0.5324594	0.4435864
0.8700760	0.3671850	0.5198189	0.0000000
0.9265294	0.3661064	0.0000000	1.0409436
0.8012559	0.4339100	0.0000000	0.0000000
0.9754398	0.0000000	0.9895609	0.3562377
0.8581764	0.0000000	0.9849402	0.0000000
0.9009668	0.0000000	0.0000000	1.0436076
0.9077673	0.0000000	0.0000000	0.0000000
0.0000000	0.9722201	0.3670767	0.5002921
0.0000000	0.9528246	0.3576480	0.0000000
0.0000000	1.0322324	0.0000000	0.9718010
0.0000000	1.0490347	0.0000000	0.0000000
0.0000000	0.0000000	0.9870118	0.3689971
0.0000000	0.0000000	0.9714564	0.0000000
0.0000000	0.0000000	0.0000000	0.9997130
0.0000000	0.0000000	0.0000000	0.0000000
0.9744682	0.3296540	0.5239231	0.4168467
0.9069843	0.3703396	0.5441874	0.0000000
0.9501758	0.3848023	0.0000000	0.9734896
0.9373911	0.3709073	0.0000000	0.0000000
0.9521106	0.0000000	1.0768112	0.3611046
0.8946437	0.0000000	1.0168854	0.0000000
0.9957769	0.0000000	0.0000000	0.9899848
0.9734120	0.0000000	0.0000000	0.0000000
0.0000000	1.0793527	0.3089648	0.5399646
0.0000000	0.9442265	0.3258036	0.0000000
0.0000000	0.9291481	0.0000000	1.0484383
0.0000000	1.0167870	0.0000000	0.0000000
0.0000000	0.0000000	1.0816237	0.3338399
0.0000000	0.0000000	0.9540158	0.0000000
0.0000000	0.0000000	0.0000000	0.9799342
0.0000000	0.0000000	0.0000000	0.0000000
0.9452239	0.3715519	0.4392640	0.4690549
0.9186948	0.3903155	0.5064830	0.0000000
1.0171201	0.2905377	0.0000000	0.9663332
1.0022408	0.3589801	0.0000000	0.0000000
0.9834066	0.0000000	0.9839189	0.3864984
0.9089453	0.0000000	1.0187278	0.0000000
1.0012047	0.0000000	0.0000000	1.0988268
0.9430590	0.0000000	0.0000000	0.0000000
0.0000000	0.9206948	0.3911685	0.4790116
0.0000000	0.9289711	0.3237183	0.0000000
0.0000000	1.0712568	0.0000000	1.0045064
0.0000000	0.9797288	0.0000000	0.0000000
0.0000000	0.0000000	1.0190311	0.3536467
0.0000000	0.0000000	1.0855554	0.0000000
0.0000000	0.0000000	0.0000000	0.9633189
0.0000000	0.0000000	0.0000000	0.0000000
0.9426864	0.3473282	0.4705083	0.4148910
1.0450732	0.3556464	0.6009691	0.0000000
1.0246045	0.3865564	0.0000000	0.9785229
1.0486816	0.3314878	0.0000000	0.0000000
1.0572960	0.0000000	1.0031481	0.3862829
0.9673602	0.0000000	0.9774999	0.0000000
1.0018699	0.0000000	0.0000000	1.0707146
1.0133632	0.0000000	0.0000000	0.0000000
0.0000000	1.0765635	0.3531058	0.5220007
0.0000000	1.0225645	0.3954836	0.0000000
0.0000000	1.0053492	0.0000000	0.9674271
0.0000000	0.9613875	0.0000000	0.0000000
0.0000000	0.0000000	1.0251113	0.3218377
0.0000000	0.0000000	1.1054046	0.0000000
0.0000000	0.0000000	0.0000000	0.9286285
0.0000000	0.0000000	0.0000000	0.0000000
